index,Date,Season,Year,Month,Holiday,Day of Week,Workday,Weather Description,Average Temperature (Celsius),"Average ""Feels Like"" Temperature",Humidity (0 - 1),Wind Speed,Number of Casual Users,Number of Registered Users,Total Users
1,1/1/11,winter,2011,1,No,6,No,Clouds or mist,7.98,7.76,0.81,0.16,331,654,985
2,1/2/11,winter,2011,1,No,0,No,Clouds or mist,8.92,7.10,0.70,0.25,131,670,801
3,1/3/11,winter,2011,1,No,1,Yes,Few clouds,1.40,-3.46,0.44,0.25,120,1229,1349
4,1/4/11,winter,2011,1,No,2,Yes,Few clouds,1.40,-2.14,0.59,0.16,108,1454,1562
5,1/5/11,winter,2011,1,No,3,Yes,Few clouds,2.81,-0.82,0.44,0.19,82,1518,1600
6,1/6/11,winter,2011,1,No,4,Yes,Few clouds,1.40,-0.82,0.52,0.09,88,1518,1606
7,1/7/11,winter,2011,1,No,5,Yes,Clouds or mist,1.40,-2.14,0.50,0.17,148,1362,1510
8,1/8/11,winter,2011,1,No,6,No,Clouds or mist,-0.01,-5.44,0.54,0.27,68,891,959
9,1/9/11,winter,2011,1,No,0,No,Few clouds,-1.42,-8.08,0.43,0.36,54,768,822
10,1/10/11,winter,2011,1,No,1,Yes,Few clouds,-0.95,-6.10,0.48,0.22,41,1280,1321
11,1/11/11,winter,2011,1,No,2,Yes,Clouds or mist,-0.01,-3.46,0.69,0.12,43,1220,1263
12,1/12/11,winter,2011,1,No,3,Yes,Few clouds,-0.01,-5.44,0.60,0.30,25,1137,1162
13,1/13/11,winter,2011,1,No,4,Yes,Few clouds,-0.01,-6.10,0.47,0.30,38,1368,1406
14,1/14/11,winter,2011,1,No,5,Yes,Few clouds,-0.48,-3.46,0.54,0.13,54,1367,1421
15,1/15/11,winter,2011,1,No,6,No,Clouds or mist,2.81,0.50,0.50,0.16,222,1026,1248
16,1/16/11,winter,2011,1,No,0,No,Few clouds,2.81,-0.82,0.48,0.19,251,953,1204
17,1/17/11,winter,2011,1,Yes,1,No,Clouds or mist,0.46,-4.12,0.54,0.19,117,883,1000
18,1/18/11,winter,2011,1,No,2,Yes,Clouds or mist,2.34,-0.82,0.86,0.15,9,674,683
19,1/19/11,winter,2011,1,No,3,Yes,Clouds or mist,5.63,3.80,0.74,0.21,78,1572,1650
20,1/20/11,winter,2011,1,No,4,Yes,Clouds or mist,4.22,1.16,0.54,0.20,83,1844,1927
21,1/21/11,winter,2011,1,No,5,Yes,Few clouds,0.46,-5.44,0.46,0.35,75,1468,1543
22,1/22/11,winter,2011,1,No,6,No,Few clouds,-5.18,-10.72,0.40,0.17,93,888,981
23,1/23/11,winter,2011,1,No,0,No,Few clouds,-3.30,-9.40,0.44,0.25,150,836,986
24,1/24/11,winter,2011,1,No,1,Yes,Few clouds,-3.30,-8.08,0.49,0.16,86,1330,1416
25,1/25/11,winter,2011,1,No,2,Yes,Clouds or mist,2.34,-0.82,0.62,0.13,186,1799,1985
26,1/26/11,winter,2011,1,No,3,Yes,Light snow or rain,2.34,-2.80,0.86,0.29,34,472,506
27,1/27/11,winter,2011,1,No,4,Yes,Few clouds,1.40,-1.48,0.69,0.11,15,416,431
28,1/28/11,winter,2011,1,No,5,Yes,Clouds or mist,1.40,-1.48,0.79,0.12,38,1129,1167
29,1/29/11,winter,2011,1,No,6,No,Few clouds,1.40,-2.14,0.65,0.15,123,975,1098
30,1/30/11,winter,2011,1,No,0,No,Few clouds,2.34,0.50,0.72,0.07,140,956,1096
31,1/31/11,winter,2011,1,No,1,Yes,Clouds or mist,0.46,-3.46,0.60,0.19,42,1459,1501
32,2/1/11,winter,2011,2,No,2,Yes,Clouds or mist,0.93,-0.82,0.83,0.05,47,1313,1360
33,2/2/11,winter,2011,2,No,3,Yes,Clouds or mist,4.22,0.50,0.78,0.26,72,1454,1526
34,2/3/11,winter,2011,2,No,4,Yes,Few clouds,0.93,-4.12,0.44,0.28,61,1489,1550
35,2/4/11,winter,2011,2,No,5,Yes,Clouds or mist,1.87,-0.82,0.59,0.13,88,1620,1708
36,2/5/11,winter,2011,2,No,6,No,Clouds or mist,2.81,-0.16,0.93,0.16,100,905,1005
37,2/6/11,winter,2011,2,No,0,No,Few clouds,5.63,3.14,0.57,0.14,354,1269,1623
38,2/7/11,winter,2011,2,No,1,Yes,Few clouds,4.69,3.80,0.74,0.05,120,1592,1712
39,2/8/11,winter,2011,2,No,2,Yes,Few clouds,2.34,-2.80,0.54,0.36,64,1466,1530
40,2/9/11,winter,2011,2,No,3,Yes,Clouds or mist,-1.89,-6.76,0.49,0.19,53,1552,1605
41,2/10/11,winter,2011,2,No,4,Yes,Few clouds,-1.42,-6.10,0.44,0.22,47,1491,1538
42,2/11/11,winter,2011,2,No,5,Yes,Few clouds,0.93,-2.14,0.51,0.11,149,1597,1746
43,2/12/11,winter,2011,2,No,6,No,Few clouds,2.34,-0.82,0.54,0.20,288,1184,1472
44,2/13/11,winter,2011,2,No,0,No,Few clouds,7.04,5.12,0.46,0.26,397,1192,1589
45,2/14/11,winter,2011,2,No,1,Yes,Few clouds,11.74,10.40,0.38,0.42,208,1705,1913
46,2/15/11,winter,2011,2,No,2,Yes,Few clouds,4.69,0.50,0.31,0.29,140,1675,1815
47,2/16/11,winter,2011,2,No,3,Yes,Few clouds,7.04,5.12,0.42,0.25,218,1897,2115
48,2/17/11,winter,2011,2,No,4,Yes,Few clouds,12.68,12.38,0.51,0.23,259,2216,2475
49,2/18/11,winter,2011,2,No,5,Yes,Few clouds,16.44,17.66,0.52,0.26,579,2348,2927
50,2/19/11,winter,2011,2,No,6,No,Few clouds,10.80,9.74,0.19,0.51,532,1103,1635
51,2/20/11,winter,2011,2,No,0,No,Few clouds,5.63,2.48,0.41,0.22,639,1173,1812
52,2/21/11,winter,2011,2,Yes,1,No,Clouds or mist,6.10,2.48,0.61,0.31,195,912,1107
53,2/22/11,winter,2011,2,No,2,Yes,Few clouds,0.46,-3.46,0.58,0.20,74,1376,1450
54,2/23/11,winter,2011,2,No,3,Yes,Few clouds,2.34,0.50,0.42,0.09,139,1778,1917
55,2/24/11,winter,2011,2,No,4,Yes,Clouds or mist,6.10,3.14,0.70,0.25,100,1707,1807
56,2/25/11,winter,2011,2,No,5,Yes,Clouds or mist,8.92,7.10,0.71,0.35,120,1341,1461
57,2/26/11,winter,2011,2,No,6,No,Few clouds,5.16,2.48,0.54,0.19,424,1545,1969
58,2/27/11,winter,2011,2,No,0,No,Few clouds,7.98,7.10,0.68,0.13,694,1708,2402
59,2/28/11,winter,2011,2,No,1,Yes,Clouds or mist,11.27,10.40,0.88,0.29,81,1365,1446
60,3/1/11,winter,2011,3,No,2,Yes,Few clouds,4.69,1.16,0.54,0.22,137,1714,1851
61,3/2/11,winter,2011,3,No,3,Yes,Few clouds,7.98,5.12,0.45,0.31,231,1903,2134
62,3/3/11,winter,2011,3,No,4,Yes,Few clouds,1.40,-2.80,0.32,0.23,123,1562,1685
63,3/4/11,winter,2011,3,No,5,Yes,Clouds or mist,4.22,1.16,0.61,0.20,214,1730,1944
64,3/5/11,winter,2011,3,No,6,No,Clouds or mist,9.86,9.08,0.79,0.25,640,1437,2077
65,3/6/11,winter,2011,3,No,0,No,Clouds or mist,9.86,8.42,0.95,0.34,114,491,605
66,3/7/11,winter,2011,3,No,1,Yes,Few clouds,4.22,-0.16,0.55,0.34,244,1628,1872
67,3/8/11,winter,2011,3,No,2,Yes,Few clouds,5.63,3.80,0.42,0.12,316,1817,2133
68,3/9/11,winter,2011,3,No,3,Yes,Clouds or mist,6.10,3.14,0.78,0.22,191,1700,1891
69,3/10/11,winter,2011,3,No,4,Yes,Light snow or rain,10.33,9.74,0.00,0.26,46,577,623
70,3/11/11,winter,2011,3,No,5,Yes,Clouds or mist,7.04,4.46,0.65,0.23,247,1730,1977
71,3/12/11,winter,2011,3,No,6,No,Few clouds,7.51,5.78,0.59,0.22,724,1408,2132
72,3/13/11,winter,2011,3,No,0,No,Few clouds,9.86,9.08,0.53,0.27,982,1435,2417
73,3/14/11,winter,2011,3,No,1,Yes,Few clouds,7.51,5.78,0.50,0.14,359,1687,2046
74,3/15/11,winter,2011,3,No,2,Yes,Clouds or mist,7.04,5.12,0.66,0.18,289,1767,2056
75,3/16/11,winter,2011,3,No,3,Yes,Clouds or mist,9.39,8.42,0.78,0.20,321,1871,2192
76,3/17/11,winter,2011,3,No,4,Yes,Few clouds,11.74,11.06,0.60,0.21,424,2320,2744
77,3/18/11,winter,2011,3,No,5,Yes,Few clouds,17.38,18.98,0.53,0.23,884,2355,3239
78,3/19/11,winter,2011,3,No,6,No,Few clouds,14.09,15.02,0.38,0.37,1424,1693,3117
79,3/20/11,winter,2011,3,No,0,No,Few clouds,7.51,5.78,0.47,0.21,1047,1424,2471
80,3/21/11,spring,2011,3,No,1,Yes,Clouds or mist,12.21,11.06,0.74,0.29,401,1676,2077
81,3/22/11,spring,2011,3,No,2,Yes,Few clouds,12.68,13.04,0.62,0.23,460,2243,2703
82,3/23/11,spring,2011,3,No,3,Yes,Clouds or mist,8.45,6.44,0.84,0.23,203,1918,2121
83,3/24/11,spring,2011,3,No,4,Yes,Clouds or mist,5.63,1.82,0.81,0.24,166,1699,1865
84,3/25/11,spring,2011,3,No,5,Yes,Few clouds,4.22,1.16,0.50,0.23,300,1910,2210
85,3/26/11,spring,2011,3,No,6,No,Few clouds,4.69,1.16,0.39,0.21,981,1515,2496
86,3/27/11,spring,2011,3,No,0,No,Clouds or mist,3.75,0.50,0.49,0.18,472,1221,1693
87,3/28/11,spring,2011,3,No,1,Yes,Few clouds,4.22,1.16,0.30,0.21,222,1806,2028
88,3/29/11,spring,2011,3,No,2,Yes,Few clouds,6.10,3.14,0.31,0.23,317,2108,2425
89,3/30/11,spring,2011,3,No,3,Yes,Clouds or mist,6.10,3.80,0.65,0.17,168,1368,1536
90,3/31/11,spring,2011,3,No,4,Yes,Light snow or rain,4.69,1.16,0.92,0.22,179,1506,1685
91,4/1/11,spring,2011,4,No,5,Yes,Clouds or mist,6.10,2.48,0.69,0.26,307,1920,2227
92,4/2/11,spring,2011,4,No,6,No,Clouds or mist,7.04,5.12,0.65,0.20,898,1354,2252
93,4/3/11,spring,2011,4,No,0,No,Few clouds,9.86,9.08,0.48,0.18,1651,1598,3249
94,4/4/11,spring,2011,4,No,1,Yes,Few clouds,18.79,19.64,0.43,0.39,734,2381,3115
95,4/5/11,spring,2011,4,No,2,Yes,Clouds or mist,11.27,10.40,0.64,0.39,167,1628,1795
96,4/6/11,spring,2011,4,No,3,Yes,Few clouds,10.33,9.74,0.47,0.26,413,2395,2808
97,4/7/11,spring,2011,4,No,4,Yes,Few clouds,12.68,12.38,0.60,0.16,571,2570,3141
98,4/8/11,spring,2011,4,No,5,Yes,Clouds or mist,7.98,5.12,0.84,0.23,172,1299,1471
99,4/9/11,spring,2011,4,No,6,No,Clouds or mist,7.98,6.44,0.88,0.13,879,1576,2455
100,4/10/11,spring,2011,4,No,0,No,Clouds or mist,12.21,12.38,0.86,0.15,1188,1707,2895
101,4/11/11,spring,2011,4,No,1,Yes,Clouds or mist,20.20,21.62,0.72,0.32,855,2493,3348
102,4/12/11,spring,2011,4,No,2,Yes,Clouds or mist,15.50,16.34,0.74,0.27,257,1777,2034
103,4/13/11,spring,2011,4,No,3,Yes,Clouds or mist,11.27,11.72,0.82,0.25,209,1953,2162
104,4/14/11,spring,2011,4,No,4,Yes,Few clouds,14.09,14.36,0.54,0.11,529,2738,3267
105,4/15/11,spring,2011,4,Yes,5,No,Few clouds,13.15,13.04,0.67,0.23,642,2484,3126
106,4/16/11,spring,2011,4,No,6,No,Light snow or rain,12.21,12.38,0.89,0.34,121,674,795
107,4/17/11,spring,2011,4,No,0,No,Few clouds,13.62,13.70,0.48,0.30,1558,2186,3744
108,4/18/11,spring,2011,4,No,1,Yes,Few clouds,15.97,17.00,0.54,0.16,669,2760,3429
109,4/19/11,spring,2011,4,No,2,Yes,Clouds or mist,15.97,16.34,0.67,0.16,409,2795,3204
110,4/20/11,spring,2011,4,No,3,Yes,Few clouds,20.20,20.96,0.61,0.24,613,3331,3944
111,4/21/11,spring,2011,4,No,4,Yes,Few clouds,13.62,13.70,0.41,0.33,745,3444,4189
112,4/22/11,spring,2011,4,No,5,Yes,Clouds or mist,7.98,5.12,0.73,0.22,177,1506,1683
113,4/23/11,spring,2011,4,No,6,No,Clouds or mist,13.62,13.70,0.89,0.23,1462,2574,4036
114,4/24/11,spring,2011,4,No,0,No,Clouds or mist,19.26,20.30,0.81,0.19,1710,2481,4191
115,4/25/11,spring,2011,4,No,1,Yes,Few clouds,20.67,21.62,0.78,0.19,773,3300,4073
116,4/26/11,spring,2011,4,No,2,Yes,Few clouds,21.61,22.94,0.73,0.33,678,3722,4400
117,4/27/11,spring,2011,4,No,3,Yes,Clouds or mist,21.14,22.28,0.84,0.31,547,3325,3872
118,4/28/11,spring,2011,4,No,4,Yes,Clouds or mist,21.14,22.28,0.70,0.32,569,3489,4058
119,4/29/11,spring,2011,4,No,5,Yes,Few clouds,15.97,17.00,0.46,0.24,878,3717,4595
120,4/30/11,spring,2011,4,No,6,No,Few clouds,14.09,14.36,0.50,0.24,1965,3347,5312
121,5/1/11,spring,2011,5,No,0,No,Clouds or mist,13.15,13.70,0.76,0.11,1138,2213,3351
122,5/2/11,spring,2011,5,No,1,Yes,Clouds or mist,17.85,18.98,0.73,0.18,847,3554,4401
123,5/3/11,spring,2011,5,No,2,Yes,Clouds or mist,21.14,22.28,0.70,0.34,603,3848,4451
124,5/4/11,spring,2011,5,No,3,Yes,Clouds or mist,11.27,10.40,0.74,0.33,255,2378,2633
125,5/5/11,spring,2011,5,No,4,Yes,Few clouds,13.62,13.04,0.44,0.30,614,3819,4433
126,5/6/11,spring,2011,5,No,5,Yes,Few clouds,14.56,15.02,0.59,0.23,894,3714,4608
127,5/7/11,spring,2011,5,No,6,No,Few clouds,16.44,17.66,0.54,0.16,1612,3102,4714
128,5/8/11,spring,2011,5,No,0,No,Few clouds,16.91,18.32,0.63,0.07,1401,2932,4333
129,5/9/11,spring,2011,5,No,1,Yes,Few clouds,16.91,18.98,0.59,0.18,664,3698,4362
130,5/10/11,spring,2011,5,No,2,Yes,Few clouds,16.91,18.32,0.49,0.12,694,4109,4803
131,5/11/11,spring,2011,5,No,3,Yes,Few clouds,17.38,18.98,0.63,0.12,550,3632,4182
132,5/12/11,spring,2011,5,No,4,Yes,Few clouds,17.38,18.32,0.75,0.19,695,4169,4864
133,5/13/11,spring,2011,5,No,5,Yes,Clouds or mist,15.97,16.34,0.86,0.18,692,3413,4105
134,5/14/11,spring,2011,5,No,6,No,Clouds or mist,16.44,17.00,0.92,0.13,902,2507,3409
135,5/15/11,spring,2011,5,No,0,No,Clouds or mist,18.32,19.64,0.87,0.15,1582,2971,4553
136,5/16/11,spring,2011,5,No,1,Yes,Few clouds,19.26,20.30,0.79,0.13,773,3185,3958
137,5/17/11,spring,2011,5,No,2,Yes,Clouds or mist,18.32,19.64,0.84,0.28,678,3445,4123
138,5/18/11,spring,2011,5,No,3,Yes,Clouds or mist,17.85,18.98,0.87,0.20,536,3319,3855
139,5/19/11,spring,2011,5,No,4,Yes,Clouds or mist,16.91,17.66,0.83,0.11,735,3840,4575
140,5/20/11,spring,2011,5,No,5,Yes,Few clouds,17.38,18.98,0.72,0.13,909,4008,4917
141,5/21/11,spring,2011,5,No,6,No,Few clouds,20.20,21.62,0.63,0.12,2258,3547,5805
142,5/22/11,spring,2011,5,No,0,No,Few clouds,20.20,21.62,0.75,0.15,1576,3084,4660
143,5/23/11,spring,2011,5,No,1,Yes,Clouds or mist,21.61,22.94,0.81,0.23,836,3438,4274
144,5/24/11,spring,2011,5,No,2,Yes,Clouds or mist,23.02,23.60,0.74,0.21,659,3833,4492
145,5/25/11,spring,2011,5,No,3,Yes,Few clouds,23.02,24.92,0.70,0.15,740,4238,4978
146,5/26/11,spring,2011,5,No,4,Yes,Few clouds,25.37,26.90,0.68,0.20,758,3919,4677
147,5/27/11,spring,2011,5,No,5,Yes,Few clouds,23.96,26.24,0.65,0.24,871,3808,4679
148,5/28/11,spring,2011,5,No,6,No,Few clouds,23.02,24.26,0.73,0.23,2001,2757,4758
149,5/29/11,spring,2011,5,No,0,No,Few clouds,23.49,24.92,0.82,0.21,2355,2433,4788
150,5/30/11,spring,2011,5,Yes,1,No,Few clouds,26.31,28.22,0.69,0.13,1549,2549,4098
151,5/31/11,spring,2011,5,No,2,Yes,Few clouds,28.66,32.18,0.64,0.11,673,3309,3982
152,6/1/11,spring,2011,6,No,3,Yes,Clouds or mist,27.72,31.52,0.68,0.21,513,3461,3974
153,6/2/11,spring,2011,6,No,4,Yes,Few clouds,25.84,26.24,0.31,0.29,736,4232,4968
154,6/3/11,spring,2011,6,No,5,Yes,Few clouds,21.14,22.94,0.35,0.25,898,4414,5312
155,6/4/11,spring,2011,6,No,6,No,Few clouds,22.08,22.94,0.46,0.12,1869,3473,5342
156,6/5/11,spring,2011,6,No,0,No,Clouds or mist,22.55,24.92,0.65,0.14,1685,3221,4906
157,6/6/11,spring,2011,6,No,1,Yes,Few clouds,23.96,24.92,0.60,0.12,673,3875,4548
158,6/7/11,spring,2011,6,No,2,Yes,Few clouds,25.37,27.56,0.60,0.19,763,4070,4833
159,6/8/11,spring,2011,6,No,3,Yes,Few clouds,28.66,32.18,0.62,0.14,676,3725,4401
160,6/9/11,spring,2011,6,No,4,Yes,Clouds or mist,30.07,34.16,0.57,0.15,563,3352,3915
161,6/10/11,spring,2011,6,No,5,Yes,Few clouds,27.72,30.20,0.61,0.14,815,3771,4586
162,6/11/11,spring,2011,6,No,6,No,Few clouds,26.31,28.88,0.65,0.15,1729,3237,4966
163,6/12/11,spring,2011,6,No,0,No,Few clouds,24.43,26.24,0.75,0.16,1467,2993,4460
164,6/13/11,spring,2011,6,No,1,Yes,Few clouds,22.08,23.60,0.49,0.31,863,4157,5020
165,6/14/11,spring,2011,6,No,2,Yes,Few clouds,20.20,22.94,0.51,0.27,727,4164,4891
166,6/15/11,spring,2011,6,No,3,Yes,Few clouds,21.61,22.94,0.47,0.17,769,4411,5180
167,6/16/11,spring,2011,6,No,4,Yes,Clouds or mist,21.61,23.60,0.69,0.21,545,3222,3767
168,6/17/11,spring,2011,6,No,5,Yes,Few clouds,22.55,23.60,0.74,0.14,863,3981,4844
169,6/18/11,spring,2011,6,No,6,No,Few clouds,24.90,26.24,0.67,0.12,1807,3312,5119
170,6/19/11,spring,2011,6,No,0,No,Clouds or mist,24.90,26.90,0.67,0.10,1639,3105,4744
171,6/20/11,spring,2011,6,No,1,Yes,Clouds or mist,22.08,23.60,0.75,0.16,699,3311,4010
172,6/21/11,summer,2011,6,No,2,Yes,Clouds or mist,23.96,26.24,0.77,0.17,774,4061,4835
173,6/22/11,summer,2011,6,No,3,Yes,Few clouds,26.31,29.54,0.71,0.17,661,3846,4507
174,6/23/11,summer,2011,6,No,4,Yes,Clouds or mist,26.31,29.54,0.70,0.24,746,4044,4790
175,6/24/11,summer,2011,6,No,5,Yes,Few clouds,25.84,27.56,0.57,0.22,969,4022,4991
176,6/25/11,summer,2011,6,No,6,No,Few clouds,24.90,26.24,0.48,0.21,1782,3420,5202
177,6/26/11,summer,2011,6,No,0,No,Few clouds,23.96,26.24,0.51,0.09,1920,3385,5305
178,6/27/11,summer,2011,6,No,1,Yes,Clouds or mist,23.96,26.24,0.66,0.11,854,3854,4708
179,6/28/11,summer,2011,6,No,2,Yes,Few clouds,26.78,29.54,0.63,0.14,732,3916,4648
180,6/29/11,summer,2011,6,No,3,Yes,Few clouds,26.31,26.90,0.50,0.26,848,4377,5225
181,6/30/11,summer,2011,6,No,4,Yes,Few clouds,24.90,26.24,0.43,0.19,1027,4488,5515
182,7/1/11,summer,2011,7,No,5,Yes,Few clouds,25.84,26.90,0.40,0.10,1246,4116,5362
183,7/2/11,summer,2011,7,No,6,No,Few clouds,26.78,28.22,0.44,0.12,2204,2915,5119
184,7/3/11,summer,2011,7,No,0,No,Clouds or mist,25.84,28.22,0.68,0.23,2282,2367,4649
185,7/4/11,summer,2011,7,Yes,1,No,Clouds or mist,26.31,28.22,0.64,0.08,3065,2978,6043
186,7/5/11,summer,2011,7,No,2,Yes,Few clouds,27.25,30.20,0.59,0.13,1031,3634,4665
187,7/6/11,summer,2011,7,No,3,Yes,Few clouds,25.84,29.54,0.74,0.15,784,3845,4629
188,7/7/11,summer,2011,7,No,4,Yes,Few clouds,27.25,29.54,0.65,0.16,754,3838,4592
189,7/8/11,summer,2011,7,No,5,Yes,Clouds or mist,25.37,28.22,0.76,0.23,692,3348,4040
190,7/9/11,summer,2011,7,No,6,No,Few clouds,26.31,27.56,0.61,0.17,1988,3348,5336
191,7/10/11,summer,2011,7,No,0,No,Few clouds,27.25,29.54,0.58,0.18,1743,3138,4881
192,7/11/11,summer,2011,7,No,1,Yes,Few clouds,27.72,32.18,0.64,0.28,723,3363,4086
193,7/12/11,summer,2011,7,No,2,Yes,Few clouds,29.13,32.84,0.56,0.20,662,3596,4258
194,7/13/11,summer,2011,7,No,3,Yes,Few clouds,27.25,29.54,0.63,0.15,748,3594,4342
195,7/14/11,summer,2011,7,No,4,Yes,Few clouds,23.96,26.24,0.48,0.24,888,4196,5084
196,7/15/11,summer,2011,7,No,5,Yes,Few clouds,23.02,24.92,0.59,0.18,1318,4220,5538
197,7/16/11,summer,2011,7,No,6,No,Few clouds,24.43,26.24,0.59,0.21,2418,3505,5923
198,7/17/11,summer,2011,7,No,0,No,Few clouds,25.84,28.22,0.60,0.25,2006,3296,5302
199,7/18/11,summer,2011,7,No,1,Yes,Few clouds,27.25,30.20,0.65,0.22,841,3617,4458
200,7/19/11,summer,2011,7,No,2,Yes,Few clouds,28.66,33.50,0.65,0.13,752,3789,4541
201,7/20/11,summer,2011,7,No,3,Yes,Few clouds,28.19,33.50,0.71,0.11,644,3688,4332
202,7/21/11,summer,2011,7,No,4,Yes,Clouds or mist,30.54,38.78,0.69,0.22,632,3152,3784
203,7/22/11,summer,2011,7,No,5,Yes,Few clouds,31.95,39.44,0.58,0.13,562,2825,3387
204,7/23/11,summer,2011,7,No,6,No,Few clouds,31.95,36.80,0.50,0.13,987,2298,3285
205,7/24/11,summer,2011,7,No,0,No,Few clouds,31.01,36.14,0.55,0.17,1050,2556,3606
206,7/25/11,summer,2011,7,No,1,Yes,Few clouds,26.78,31.52,0.76,0.09,568,3272,3840
207,7/26/11,summer,2011,7,No,2,Yes,Few clouds,28.19,30.20,0.54,0.20,750,3840,4590
208,7/27/11,summer,2011,7,No,3,Yes,Few clouds,28.66,29.54,0.40,0.18,755,3901,4656
209,7/28/11,summer,2011,7,No,4,Yes,Few clouds,28.66,32.84,0.58,0.18,606,3784,4390
210,7/29/11,summer,2011,7,No,5,Yes,Few clouds,31.48,36.14,0.54,0.17,670,3176,3846
211,7/30/11,summer,2011,7,No,6,No,Few clouds,29.60,32.18,0.47,0.17,1559,2916,4475
212,7/31/11,summer,2011,7,No,0,No,Few clouds,30.07,32.18,0.48,0.16,1524,2778,4302
213,8/1/11,summer,2011,8,No,1,Yes,Few clouds,28.19,30.20,0.55,0.16,729,3537,4266
214,8/2/11,summer,2011,8,No,2,Yes,Few clouds,28.66,30.86,0.49,0.21,801,4044,4845
215,8/3/11,summer,2011,8,No,3,Yes,Clouds or mist,26.31,28.88,0.66,0.14,467,3107,3574
216,8/4/11,summer,2011,8,No,4,Yes,Clouds or mist,25.37,27.56,0.76,0.20,799,3777,4576
217,8/5/11,summer,2011,8,No,5,Yes,Few clouds,25.37,27.56,0.63,0.18,1023,3843,4866
218,8/6/11,summer,2011,8,No,6,No,Clouds or mist,25.84,28.88,0.76,0.23,1521,2773,4294
219,8/7/11,summer,2011,8,No,0,No,Few clouds,26.78,31.52,0.75,0.20,1298,2487,3785
220,8/8/11,summer,2011,8,No,1,Yes,Few clouds,28.19,30.20,0.59,0.19,846,3480,4326
221,8/9/11,summer,2011,8,No,2,Yes,Few clouds,28.66,31.52,0.57,0.15,907,3695,4602
222,8/10/11,summer,2011,8,No,3,Yes,Few clouds,28.19,28.88,0.42,0.20,884,3896,4780
223,8/11/11,summer,2011,8,No,4,Yes,Few clouds,25.84,26.90,0.42,0.16,812,3980,4792
224,8/12/11,summer,2011,8,No,5,Yes,Few clouds,25.37,26.90,0.42,0.13,1051,3854,4905
225,8/13/11,summer,2011,8,No,6,No,Clouds or mist,24.43,26.90,0.73,0.21,1504,2646,4150
226,8/14/11,summer,2011,8,No,0,No,Clouds or mist,23.96,24.92,0.82,0.22,1338,2482,3820
227,8/15/11,summer,2011,8,No,1,Yes,Few clouds,23.49,24.92,0.71,0.21,775,3563,4338
228,8/16/11,summer,2011,8,No,2,Yes,Few clouds,24.90,26.90,0.58,0.24,721,4004,4725
229,8/17/11,summer,2011,8,No,3,Yes,Few clouds,25.84,28.22,0.58,0.14,668,4026,4694
230,8/18/11,summer,2011,8,No,4,Yes,Few clouds,25.37,27.56,0.65,0.23,639,3166,3805
231,8/19/11,summer,2011,8,No,5,Yes,Clouds or mist,24.43,25.58,0.72,0.14,797,3356,4153
232,8/20/11,summer,2011,8,No,6,No,Few clouds,24.90,26.90,0.67,0.10,1914,3277,5191
233,8/21/11,summer,2011,8,No,0,No,Few clouds,25.37,28.88,0.77,0.25,1249,2624,3873
234,8/22/11,summer,2011,8,No,1,Yes,Few clouds,24.43,26.24,0.47,0.28,833,3925,4758
235,8/23/11,summer,2011,8,No,2,Yes,Few clouds,22.08,24.26,0.46,0.15,1281,4614,5895
236,8/24/11,summer,2011,8,No,3,Yes,Few clouds,23.49,25.58,0.61,0.25,949,4181,5130
237,8/25/11,summer,2011,8,No,4,Yes,Clouds or mist,23.96,26.90,0.77,0.21,435,3107,3542
238,8/26/11,summer,2011,8,No,5,Yes,Few clouds,24.90,27.56,0.76,0.08,768,3893,4661
239,8/27/11,summer,2011,8,No,6,No,Clouds or mist,23.96,26.24,0.85,0.38,226,889,1115
240,8/28/11,summer,2011,8,No,0,No,Few clouds,25.37,26.90,0.56,0.30,1415,2919,4334
241,8/29/11,summer,2011,8,No,1,Yes,Few clouds,22.08,24.26,0.55,0.16,729,3905,4634
242,8/30/11,summer,2011,8,No,2,Yes,Few clouds,22.08,22.94,0.55,0.13,775,4429,5204
243,8/31/11,summer,2011,8,No,3,Yes,Few clouds,23.02,24.26,0.60,0.08,688,4370,5058
244,9/1/11,summer,2011,9,No,4,Yes,Few clouds,23.02,24.26,0.64,0.14,783,4332,5115
245,9/2/11,summer,2011,9,No,5,Yes,Clouds or mist,22.08,23.60,0.73,0.14,875,3852,4727
246,9/3/11,summer,2011,9,No,6,No,Few clouds,23.49,25.58,0.72,0.19,1935,2549,4484
247,9/4/11,summer,2011,9,No,0,No,Few clouds,25.37,28.22,0.74,0.21,2521,2419,4940
248,9/5/11,summer,2011,9,Yes,1,No,Clouds or mist,23.49,25.58,0.79,0.21,1236,2115,3351
249,9/6/11,summer,2011,9,No,2,Yes,Light snow or rain,17.38,18.32,0.89,0.34,204,2506,2710
250,9/7/11,summer,2011,9,No,3,Yes,Light snow or rain,20.20,19.64,0.92,0.10,118,1878,1996
251,9/8/11,summer,2011,9,No,4,Yes,Light snow or rain,21.61,20.96,0.94,0.19,153,1689,1842
252,9/9/11,summer,2011,9,No,5,Yes,Clouds or mist,22.55,22.28,0.90,0.12,417,3127,3544
253,9/10/11,summer,2011,9,No,6,No,Few clouds,23.02,24.26,0.75,0.15,1750,3595,5345
254,9/11/11,summer,2011,9,No,0,No,Few clouds,22.55,24.26,0.71,0.12,1633,3413,5046
255,9/12/11,summer,2011,9,No,1,Yes,Few clouds,22.08,23.60,0.69,0.09,690,4023,4713
256,9/13/11,summer,2011,9,No,2,Yes,Few clouds,22.55,23.60,0.71,0.14,701,4062,4763
257,9/14/11,summer,2011,9,No,3,Yes,Few clouds,23.49,25.58,0.70,0.17,647,4138,4785
258,9/15/11,summer,2011,9,No,4,Yes,Clouds or mist,19.26,20.30,0.71,0.27,428,3231,3659
259,9/16/11,summer,2011,9,No,5,Yes,Clouds or mist,14.09,14.36,0.59,0.16,742,4018,4760
260,9/17/11,summer,2011,9,No,6,No,Clouds or mist,15.03,15.68,0.72,0.19,1434,3077,4511
261,9/18/11,summer,2011,9,No,0,No,Few clouds,15.97,16.34,0.70,0.18,1353,2921,4274
262,9/19/11,summer,2011,9,No,1,Yes,Clouds or mist,17.85,18.98,0.69,0.15,691,3848,4539
263,9/20/11,summer,2011,9,No,2,Yes,Clouds or mist,18.32,18.98,0.88,0.13,438,3203,3641
264,9/21/11,summer,2011,9,No,3,Yes,Clouds or mist,20.20,20.30,0.90,0.10,539,3813,4352
265,9/22/11,summer,2011,9,No,4,Yes,Clouds or mist,21.61,20.30,0.90,0.13,555,4240,4795
266,9/23/11,fall,2011,9,No,5,Yes,Clouds or mist,20.67,18.32,0.97,0.08,258,2137,2395
267,9/24/11,fall,2011,9,No,6,No,Clouds or mist,20.67,20.96,0.86,0.08,1776,3647,5423
268,9/25/11,fall,2011,9,No,0,No,Clouds or mist,21.61,21.62,0.85,0.05,1544,3466,5010
269,9/26/11,fall,2011,9,No,1,Yes,Clouds or mist,22.55,22.94,0.85,0.11,684,3946,4630
270,9/27/11,fall,2011,9,No,2,Yes,Clouds or mist,22.08,21.62,0.89,0.12,477,3643,4120
271,9/28/11,fall,2011,9,No,3,Yes,Clouds or mist,22.08,22.28,0.85,0.15,480,3427,3907
272,9/29/11,fall,2011,9,No,4,Yes,Few clouds,21.14,21.62,0.70,0.17,653,4186,4839
273,9/30/11,fall,2011,9,No,5,Yes,Few clouds,18.32,19.64,0.65,0.21,830,4372,5202
274,10/1/11,fall,2011,10,No,6,No,Clouds or mist,11.27,11.06,0.75,0.29,480,1949,2429
275,10/2/11,fall,2011,10,No,0,No,Clouds or mist,8.92,7.10,0.79,0.22,616,2302,2918
276,10/3/11,fall,2011,10,No,1,Yes,Clouds or mist,9.86,9.74,0.76,0.08,330,3240,3570
277,10/4/11,fall,2011,10,No,2,Yes,Few clouds,14.56,15.02,0.71,0.21,486,3970,4456
278,10/5/11,fall,2011,10,No,3,Yes,Few clouds,17.38,18.98,0.65,0.18,559,4267,4826
279,10/6/11,fall,2011,10,No,4,Yes,Few clouds,15.03,15.68,0.62,0.13,639,4126,4765
280,10/7/11,fall,2011,10,No,5,Yes,Few clouds,15.97,17.00,0.68,0.02,949,4036,4985
281,10/8/11,fall,2011,10,No,6,No,Few clouds,16.44,17.66,0.70,0.05,2235,3174,5409
282,10/9/11,fall,2011,10,No,0,No,Few clouds,17.38,18.32,0.73,0.06,2397,3114,5511
283,10/10/11,fall,2011,10,Yes,1,No,Few clouds,18.79,19.64,0.73,0.04,1514,3603,5117
284,10/11/11,fall,2011,10,No,2,Yes,Clouds or mist,18.79,20.30,0.81,0.14,667,3896,4563
285,10/12/11,fall,2011,10,No,3,Yes,Light snow or rain,17.38,18.32,0.91,0.25,217,2199,2416
286,10/13/11,fall,2011,10,No,4,Yes,Clouds or mist,19.73,20.30,0.90,0.14,290,2623,2913
287,10/14/11,fall,2011,10,No,5,Yes,Clouds or mist,17.85,18.98,0.72,0.22,529,3115,3644
288,10/15/11,fall,2011,10,No,6,No,Few clouds,15.97,17.00,0.48,0.26,1899,3318,5217
289,10/16/11,fall,2011,10,No,0,No,Few clouds,15.97,17.00,0.49,0.28,1748,3293,5041
290,10/17/11,fall,2011,10,No,1,Yes,Few clouds,16.91,17.66,0.58,0.18,713,3857,4570
291,10/18/11,fall,2011,10,No,2,Yes,Clouds or mist,16.91,18.32,0.70,0.11,637,4111,4748
292,10/19/11,fall,2011,10,No,3,Yes,Light snow or rain,17.38,17.66,0.90,0.24,254,2170,2424
293,10/20/11,fall,2011,10,No,4,Yes,Few clouds,14.56,15.02,0.64,0.42,471,3724,4195
294,10/21/11,fall,2011,10,No,5,Yes,Few clouds,12.21,11.72,0.57,0.22,676,3628,4304
295,10/22/11,fall,2011,10,No,6,No,Few clouds,11.74,12.38,0.63,0.09,1499,2809,4308
296,10/23/11,fall,2011,10,No,0,No,Few clouds,11.74,11.72,0.74,0.10,1619,2762,4381
297,10/24/11,fall,2011,10,No,1,Yes,Few clouds,13.62,14.36,0.77,0.12,699,3488,4187
298,10/25/11,fall,2011,10,No,2,Yes,Few clouds,14.09,14.36,0.62,0.17,695,3992,4687
299,10/26/11,fall,2011,10,No,3,Yes,Clouds or mist,14.56,15.02,0.72,0.15,404,3490,3894
300,10/27/11,fall,2011,10,No,4,Yes,Clouds or mist,14.09,14.36,0.81,0.20,240,2419,2659
301,10/28/11,fall,2011,10,No,5,Yes,Clouds or mist,7.51,5.12,0.59,0.23,456,3291,3747
302,10/29/11,fall,2011,10,No,6,No,Light snow or rain,3.75,-0.82,0.88,0.35,57,570,627
303,10/30/11,fall,2011,10,No,0,No,Few clouds,7.04,5.12,0.62,0.18,885,2446,3331
304,10/31/11,fall,2011,10,No,1,Yes,Few clouds,7.98,7.76,0.70,0.11,362,3307,3669
305,11/1/11,fall,2011,11,No,2,Yes,Few clouds,10.80,10.40,0.68,0.14,410,3658,4068
306,11/2/11,fall,2011,11,No,3,Yes,Few clouds,9.86,9.74,0.72,0.08,370,3816,4186
307,11/3/11,fall,2011,11,No,4,Yes,Few clouds,11.27,11.06,0.70,0.14,318,3656,3974
308,11/4/11,fall,2011,11,No,5,Yes,Clouds or mist,10.80,10.40,0.62,0.27,470,3576,4046
309,11/5/11,fall,2011,11,No,6,No,Few clouds,7.51,5.12,0.52,0.19,1156,2770,3926
310,11/6/11,fall,2011,11,No,0,No,Few clouds,8.45,7.76,0.73,0.09,952,2697,3649
311,11/7/11,fall,2011,11,No,1,Yes,Few clouds,10.80,10.40,0.76,0.06,373,3662,4035
312,11/8/11,fall,2011,11,No,2,Yes,Few clouds,11.27,11.06,0.72,0.07,376,3829,4205
313,11/9/11,fall,2011,11,No,3,Yes,Few clouds,10.80,11.06,0.76,0.06,305,3804,4109
314,11/10/11,fall,2011,11,No,4,Yes,Clouds or mist,9.86,8.42,0.81,0.19,190,2743,2933
315,11/11/11,fall,2011,11,Yes,5,No,Few clouds,7.04,4.46,0.45,0.31,440,2928,3368
316,11/12/11,fall,2011,11,No,6,No,Few clouds,8.92,7.76,0.55,0.21,1275,2792,4067
317,11/13/11,fall,2011,11,No,0,No,Few clouds,12.68,12.38,0.46,0.28,1004,2713,3717
318,11/14/11,fall,2011,11,No,1,Yes,Few clouds,16.91,18.32,0.59,0.31,595,3891,4486
319,11/15/11,fall,2011,11,No,2,Yes,Clouds or mist,16.91,17.66,0.69,0.20,449,3746,4195
320,11/16/11,fall,2011,11,No,3,Yes,Light snow or rain,13.62,13.70,0.93,0.14,145,1672,1817
321,11/17/11,fall,2011,11,No,4,Yes,Clouds or mist,7.98,5.12,0.58,0.31,139,2914,3053
322,11/18/11,fall,2011,11,No,5,Yes,Few clouds,4.69,1.82,0.41,0.17,245,3147,3392
323,11/19/11,fall,2011,11,No,6,No,Few clouds,7.51,5.12,0.50,0.22,943,2720,3663
324,11/20/11,fall,2011,11,No,0,No,Clouds or mist,13.62,14.36,0.68,0.19,787,2733,3520
325,11/21/11,fall,2011,11,No,1,Yes,Light snow or rain,13.15,13.70,0.91,0.14,220,2545,2765
326,11/22/11,fall,2011,11,No,2,Yes,Light snow or rain,11.74,11.72,0.96,0.12,69,1538,1607
327,11/23/11,fall,2011,11,No,3,Yes,Clouds or mist,12.68,12.38,0.76,0.34,112,2454,2566
328,11/24/11,fall,2011,11,Yes,4,No,Few clouds,9.39,8.42,0.55,0.17,560,935,1495
329,11/25/11,fall,2011,11,No,5,Yes,Few clouds,9.86,9.08,0.64,0.10,1095,1697,2792
330,11/26/11,fall,2011,11,No,6,No,Few clouds,9.86,9.74,0.68,0.07,1249,1819,3068
331,11/27/11,fall,2011,11,No,0,No,Few clouds,13.62,14.36,0.70,0.21,810,2261,3071
332,11/28/11,fall,2011,11,No,1,Yes,Few clouds,15.50,16.34,0.74,0.14,253,3614,3867
333,11/29/11,fall,2011,11,No,2,Yes,Clouds or mist,13.62,13.70,0.83,0.26,96,2818,2914
334,11/30/11,fall,2011,11,No,3,Yes,Few clouds,7.51,4.46,0.61,0.27,188,3425,3613
335,12/1/11,fall,2011,12,No,4,Yes,Few clouds,6.57,4.46,0.52,0.22,182,3545,3727
336,12/2/11,fall,2011,12,No,5,Yes,Few clouds,6.57,5.78,0.63,0.10,268,3672,3940
337,12/3/11,fall,2011,12,No,6,No,Few clouds,6.10,4.46,0.61,0.10,706,2908,3614
338,12/4/11,fall,2011,12,No,0,No,Few clouds,7.51,7.10,0.78,0.08,634,2851,3485
339,12/5/11,fall,2011,12,No,1,Yes,Clouds or mist,10.33,9.74,0.83,0.06,233,3578,3811
340,12/6/11,fall,2011,12,No,2,Yes,Light snow or rain,13.62,14.36,0.95,0.23,126,2468,2594
341,12/7/11,fall,2011,12,No,3,Yes,Light snow or rain,11.27,10.40,0.97,0.27,50,655,705
342,12/8/11,fall,2011,12,No,4,Yes,Few clouds,4.69,1.16,0.58,0.24,150,3172,3322
343,12/9/11,fall,2011,12,No,5,Yes,Few clouds,5.63,5.12,0.70,0.08,261,3359,3620
344,12/10/11,fall,2011,12,No,6,No,Few clouds,5.16,1.82,0.51,0.23,502,2688,3190
345,12/11/11,fall,2011,12,No,0,No,Few clouds,2.34,0.50,0.49,0.07,377,2366,2743
346,12/12/11,fall,2011,12,No,1,Yes,Few clouds,3.28,1.82,0.67,0.06,143,3167,3310
347,12/13/11,fall,2011,12,No,2,Yes,Few clouds,5.16,3.80,0.59,0.14,155,3368,3523
348,12/14/11,fall,2011,12,No,3,Yes,Clouds or mist,7.04,6.44,0.66,0.06,178,3562,3740
349,12/15/11,fall,2011,12,No,4,Yes,Clouds or mist,11.74,11.06,0.63,0.27,181,3528,3709
350,12/16/11,fall,2011,12,No,5,Yes,Clouds or mist,9.86,7.76,0.50,0.26,178,3399,3577
351,12/17/11,fall,2011,12,No,6,No,Clouds or mist,4.22,0.50,0.56,0.24,275,2464,2739
352,12/18/11,fall,2011,12,No,0,No,Few clouds,3.28,0.50,0.59,0.17,220,2211,2431
353,12/19/11,fall,2011,12,No,1,Yes,Few clouds,5.16,2.48,0.64,0.17,260,3143,3403
354,12/20/11,fall,2011,12,No,2,Yes,Clouds or mist,10.33,10.40,0.60,0.06,216,3534,3750
355,12/21/11,winter,2011,12,No,3,Yes,Clouds or mist,12.21,12.38,0.86,0.22,107,2553,2660
356,12/22/11,winter,2011,12,No,4,Yes,Clouds or mist,11.74,12.38,0.76,0.05,227,2841,3068
357,12/23/11,winter,2011,12,No,5,Yes,Few clouds,9.39,9.08,0.69,0.27,163,2046,2209
358,12/24/11,winter,2011,12,No,6,No,Few clouds,6.10,3.80,0.54,0.19,155,856,1011
359,12/25/11,winter,2011,12,No,0,No,Few clouds,4.69,2.48,0.68,0.16,303,451,754
360,12/26/11,winter,2011,12,Yes,1,No,Few clouds,7.04,5.12,0.51,0.24,430,887,1317
361,12/27/11,winter,2011,12,No,2,Yes,Clouds or mist,7.51,5.78,0.76,0.19,103,1059,1162
362,12/28/11,winter,2011,12,No,3,Yes,Few clouds,6.10,2.48,0.50,0.29,255,2047,2302
363,12/29/11,winter,2011,12,No,4,Yes,Few clouds,3.75,1.16,0.57,0.12,254,2169,2423
364,12/30/11,winter,2011,12,No,5,Yes,Few clouds,6.57,5.12,0.64,0.13,491,2508,2999
365,12/31/11,winter,2011,12,No,6,No,Few clouds,11.27,11.06,0.62,0.22,665,1820,2485
366,1/1/12,winter,2012,1,No,0,No,Few clouds,9.39,9.08,0.69,0.19,686,1608,2294
367,1/2/12,winter,2012,1,Yes,1,No,Few clouds,4.69,0.50,0.38,0.33,244,1707,1951
368,1/3/12,winter,2012,1,No,2,Yes,Few clouds,-0.95,-7.42,0.44,0.37,89,2147,2236
369,1/4/12,winter,2012,1,No,3,Yes,Clouds or mist,-2.83,-8.08,0.41,0.18,95,2273,2368
370,1/5/12,winter,2012,1,No,4,Yes,Few clouds,4.69,2.48,0.52,0.13,140,3132,3272
371,1/6/12,winter,2012,1,No,5,Yes,Few clouds,7.51,6.44,0.54,0.17,307,3791,4098
372,1/7/12,winter,2012,1,No,6,No,Few clouds,10.33,9.74,0.53,0.17,1070,3451,4521
373,1/8/12,winter,2012,1,No,0,No,Few clouds,7.98,6.44,0.47,0.19,599,2826,3425
374,1/9/12,winter,2012,1,No,1,Yes,Clouds or mist,2.34,0.50,0.70,0.10,106,2270,2376
375,1/10/12,winter,2012,1,No,2,Yes,Few clouds,6.57,5.12,0.65,0.19,173,3425,3598
376,1/11/12,winter,2012,1,No,3,Yes,Clouds or mist,4.69,2.48,0.85,0.13,92,2085,2177
377,1/12/12,winter,2012,1,No,4,Yes,Clouds or mist,9.86,9.08,0.80,0.18,269,3828,4097
378,1/13/12,winter,2012,1,No,5,Yes,Few clouds,4.69,0.50,0.51,0.38,174,3040,3214
379,1/14/12,winter,2012,1,No,6,No,Few clouds,0.46,-4.12,0.46,0.19,333,2160,2493
380,1/15/12,winter,2012,1,No,0,No,Few clouds,-0.01,-5.44,0.42,0.25,284,2027,2311
381,1/16/12,winter,2012,1,Yes,1,No,Few clouds,0.93,-3.46,0.52,0.23,217,2081,2298
382,1/17/12,winter,2012,1,No,2,Yes,Clouds or mist,9.39,7.76,0.72,0.35,127,2808,2935
383,1/18/12,winter,2012,1,No,3,Yes,Few clouds,6.10,2.48,0.44,0.42,109,3267,3376
384,1/19/12,winter,2012,1,No,4,Yes,Few clouds,0.93,-3.46,0.50,0.22,130,3162,3292
385,1/20/12,winter,2012,1,No,5,Yes,Clouds or mist,2.34,-1.48,0.45,0.20,115,3048,3163
386,1/21/12,winter,2012,1,No,6,No,Clouds or mist,-0.01,-4.78,0.83,0.22,67,1234,1301
387,1/22/12,winter,2012,1,No,0,No,Clouds or mist,-0.48,-5.44,0.80,0.20,196,1781,1977
388,1/23/12,winter,2012,1,No,1,Yes,Clouds or mist,2.34,-0.16,0.91,0.11,145,2287,2432
389,1/24/12,winter,2012,1,No,2,Yes,Few clouds,7.98,7.10,0.84,0.12,439,3900,4339
390,1/25/12,winter,2012,1,No,3,Yes,Few clouds,5.63,3.14,0.64,0.16,467,3803,4270
391,1/26/12,winter,2012,1,No,4,Yes,Clouds or mist,7.98,7.76,0.77,0.07,244,3831,4075
392,1/27/12,winter,2012,1,No,5,Yes,Clouds or mist,12.21,11.72,0.74,0.34,269,3187,3456
393,1/28/12,winter,2012,1,No,6,No,Few clouds,7.04,5.78,0.54,0.21,775,3248,4023
394,1/29/12,winter,2012,1,No,0,No,Few clouds,5.16,1.82,0.31,0.24,558,2685,3243
395,1/30/12,winter,2012,1,No,1,Yes,Few clouds,4.69,1.16,0.40,0.22,126,3498,3624
396,1/31/12,winter,2012,1,No,2,Yes,Few clouds,10.33,9.08,0.42,0.26,324,4185,4509
397,2/1/12,winter,2012,2,No,3,Yes,Few clouds,14.09,15.02,0.51,0.19,304,4275,4579
398,2/2/12,winter,2012,2,No,4,Yes,Clouds or mist,10.80,10.40,0.67,0.19,190,3571,3761
399,2/3/12,winter,2012,2,No,5,Yes,Few clouds,6.57,4.46,0.53,0.18,310,3841,4151
400,2/4/12,winter,2012,2,No,6,No,Clouds or mist,4.22,1.82,0.78,0.12,384,2448,2832
401,2/5/12,winter,2012,2,No,0,No,Clouds or mist,4.69,1.16,0.69,0.18,318,2629,2947
402,2/6/12,winter,2012,2,No,1,Yes,Few clouds,5.16,3.80,0.62,0.15,206,3578,3784
403,2/7/12,winter,2012,2,No,2,Yes,Few clouds,8.45,7.76,0.50,0.15,199,4176,4375
404,2/8/12,winter,2012,2,No,3,Yes,Clouds or mist,4.22,1.82,0.72,0.13,109,2693,2802
405,2/9/12,winter,2012,2,No,4,Yes,Few clouds,4.69,1.16,0.56,0.19,163,3667,3830
406,2/10/12,winter,2012,2,No,5,Yes,Clouds or mist,5.16,3.14,0.54,0.12,227,3604,3831
407,2/11/12,winter,2012,2,No,6,No,Light snow or rain,2.34,-2.14,0.73,0.29,192,1977,2169
408,2/12/12,winter,2012,2,No,0,No,Few clouds,-1.89,-9.40,0.46,0.41,73,1456,1529
409,2/13/12,winter,2012,2,No,1,Yes,Few clouds,2.34,-0.82,0.41,0.17,94,3328,3422
410,2/14/12,winter,2012,2,No,2,Yes,Clouds or mist,7.04,5.78,0.51,0.14,135,3787,3922
411,2/15/12,winter,2012,2,No,3,Yes,Few clouds,8.45,7.10,0.53,0.18,141,4028,4169
412,2/16/12,winter,2012,2,No,4,Yes,Clouds or mist,7.04,5.78,0.75,0.09,74,2931,3005
413,2/17/12,winter,2012,2,No,5,Yes,Few clouds,7.98,7.10,0.63,0.21,349,3805,4154
414,2/18/12,winter,2012,2,No,6,No,Few clouds,8.45,7.76,0.53,0.19,1435,2883,4318
415,2/19/12,winter,2012,2,No,0,No,Clouds or mist,5.16,1.82,0.52,0.25,618,2071,2689
416,2/20/12,winter,2012,2,Yes,1,No,Few clouds,5.16,1.82,0.51,0.23,502,2627,3129
417,2/21/12,winter,2012,2,No,2,Yes,Few clouds,5.63,3.80,0.59,0.21,163,3614,3777
418,2/22/12,winter,2012,2,No,3,Yes,Few clouds,10.80,9.74,0.57,0.23,394,4379,4773
419,2/23/12,winter,2012,2,No,4,Yes,Few clouds,13.15,13.04,0.55,0.19,516,4546,5062
420,2/24/12,winter,2012,2,No,5,Yes,Clouds or mist,11.27,11.06,0.74,0.24,246,3241,3487
421,2/25/12,winter,2012,2,No,6,No,Few clouds,5.63,1.16,0.40,0.42,317,2415,2732
422,2/26/12,winter,2012,2,No,0,No,Few clouds,5.16,1.82,0.41,0.21,515,2874,3389
423,2/27/12,winter,2012,2,No,1,Yes,Few clouds,9.39,7.76,0.49,0.27,253,4069,4322
424,2/28/12,winter,2012,2,No,2,Yes,Few clouds,8.92,7.10,0.40,0.19,229,4134,4363
425,2/29/12,winter,2012,2,No,3,Yes,Clouds or mist,7.98,7.10,0.80,0.18,65,1769,1834
426,3/1/12,winter,2012,3,No,4,Yes,Few clouds,15.03,15.68,0.62,0.23,325,4665,4990
427,3/2/12,winter,2012,3,No,5,Yes,Clouds or mist,8.45,7.76,0.66,0.14,246,2948,3194
428,3/3/12,winter,2012,3,No,6,No,Clouds or mist,11.27,11.06,0.62,0.16,956,3110,4066
429,3/4/12,winter,2012,3,No,0,No,Few clouds,7.51,3.80,0.40,0.33,710,2713,3423
430,3/5/12,winter,2012,3,No,1,Yes,Few clouds,3.28,-0.16,0.51,0.23,203,3130,3333
431,3/6/12,winter,2012,3,No,2,Yes,Few clouds,4.22,1.16,0.46,0.20,221,3735,3956
432,3/7/12,winter,2012,3,No,3,Yes,Few clouds,10.80,9.74,0.51,0.35,432,4484,4916
433,3/8/12,winter,2012,3,No,4,Yes,Few clouds,16.91,18.32,0.57,0.44,486,4896,5382
434,3/9/12,winter,2012,3,No,5,Yes,Clouds or mist,11.27,10.40,0.41,0.41,447,4122,4569
435,3/10/12,winter,2012,3,No,6,No,Few clouds,5.63,2.48,0.35,0.23,968,3150,4118
436,3/11/12,winter,2012,3,No,0,No,Few clouds,8.92,7.76,0.48,0.22,1658,3253,4911
437,3/12/12,winter,2012,3,No,1,Yes,Few clouds,14.09,14.36,0.49,0.21,838,4460,5298
438,3/13/12,winter,2012,3,No,2,Yes,Few clouds,18.79,19.64,0.62,0.24,762,5085,5847
439,3/14/12,winter,2012,3,No,3,Yes,Few clouds,18.79,20.30,0.51,0.12,997,5315,6312
440,3/15/12,winter,2012,3,No,4,Yes,Few clouds,18.32,18.98,0.58,0.15,1005,5187,6192
441,3/16/12,winter,2012,3,No,5,Yes,Clouds or mist,12.68,13.04,0.84,0.11,548,3830,4378
442,3/17/12,winter,2012,3,No,6,No,Clouds or mist,15.97,17.66,0.76,0.11,3155,4681,7836
443,3/18/12,winter,2012,3,No,0,No,Clouds or mist,14.09,14.36,0.81,0.13,2207,3685,5892
444,3/19/12,winter,2012,3,No,1,Yes,Few clouds,17.85,18.98,0.73,0.16,982,5171,6153
445,3/20/12,winter,2012,3,No,2,Yes,Few clouds,18.32,19.64,0.81,0.12,1051,5042,6093
446,3/21/12,spring,2012,3,No,3,Yes,Clouds or mist,16.91,17.66,0.82,0.09,1122,5108,6230
447,3/22/12,spring,2012,3,No,4,Yes,Few clouds,17.85,18.98,0.83,0.12,1334,5537,6871
448,3/23/12,spring,2012,3,No,5,Yes,Clouds or mist,20.20,21.62,0.69,0.12,2469,5893,8362
449,3/24/12,spring,2012,3,No,6,No,Clouds or mist,15.50,16.34,0.89,0.19,1033,2339,3372
450,3/25/12,spring,2012,3,No,0,No,Clouds or mist,12.68,13.04,0.88,0.22,1532,3464,4996
451,3/26/12,spring,2012,3,No,1,Yes,Few clouds,13.15,13.04,0.48,0.39,795,4763,5558
452,3/27/12,spring,2012,3,No,2,Yes,Few clouds,7.04,5.12,0.29,0.19,531,4571,5102
453,3/28/12,spring,2012,3,No,3,Yes,Few clouds,14.56,15.02,0.48,0.29,674,5024,5698
454,3/29/12,spring,2012,3,No,4,Yes,Few clouds,15.03,15.68,0.44,0.32,834,5299,6133
455,3/30/12,spring,2012,3,No,5,Yes,Clouds or mist,9.39,9.08,0.58,0.14,796,4663,5459
456,3/31/12,spring,2012,3,No,6,No,Clouds or mist,11.74,11.72,0.74,0.25,2301,3934,6235
457,4/1/12,spring,2012,4,No,0,No,Clouds or mist,12.21,11.72,0.68,0.17,2347,3694,6041
458,4/2/12,spring,2012,4,No,1,Yes,Few clouds,12.21,12.38,0.50,0.31,1208,4728,5936
459,4/3/12,spring,2012,4,No,2,Yes,Few clouds,14.09,14.36,0.40,0.10,1348,5424,6772
460,4/4/12,spring,2012,4,No,3,Yes,Few clouds,17.38,18.98,0.47,0.18,1058,5378,6436
461,4/5/12,spring,2012,4,No,4,Yes,Few clouds,12.68,12.38,0.37,0.22,1192,5265,6457
462,4/6/12,spring,2012,4,No,5,Yes,Few clouds,10.80,9.74,0.38,0.30,1807,4653,6460
463,4/7/12,spring,2012,4,No,6,No,Few clouds,12.68,12.38,0.25,0.27,3252,3605,6857
464,4/8/12,spring,2012,4,No,0,No,Few clouds,15.50,16.34,0.28,0.23,2230,2939,5169
465,4/9/12,spring,2012,4,No,1,Yes,Few clouds,15.03,15.68,0.32,0.36,905,4680,5585
466,4/10/12,spring,2012,4,No,2,Yes,Few clouds,13.15,13.04,0.44,0.25,819,5099,5918
467,4/11/12,spring,2012,4,No,3,Yes,Few clouds,8.45,6.44,0.47,0.30,482,4380,4862
468,4/12/12,spring,2012,4,No,4,Yes,Few clouds,10.80,9.74,0.47,0.29,663,4746,5409
469,4/13/12,spring,2012,4,No,5,Yes,Few clouds,12.68,12.38,0.41,0.16,1252,5146,6398
470,4/14/12,spring,2012,4,No,6,No,Few clouds,15.50,16.34,0.50,0.19,2795,4665,7460
471,4/15/12,spring,2012,4,No,0,No,Few clouds,20.67,21.62,0.51,0.23,2846,4286,7132
472,4/16/12,spring,2012,4,Yes,1,No,Few clouds,23.02,24.26,0.56,0.28,1198,5172,6370
473,4/17/12,spring,2012,4,No,2,Yes,Few clouds,20.67,23.60,0.39,0.27,989,5702,6691
474,4/18/12,spring,2012,4,No,3,Yes,Clouds or mist,13.62,14.36,0.57,0.17,347,4020,4367
475,4/19/12,spring,2012,4,No,4,Yes,Few clouds,15.50,16.34,0.61,0.07,846,5719,6565
476,4/20/12,spring,2012,4,No,5,Yes,Few clouds,16.91,18.32,0.69,0.15,1340,5950,7290
477,4/21/12,spring,2012,4,No,6,No,Few clouds,18.79,19.64,0.68,0.28,2541,4083,6624
478,4/22/12,spring,2012,4,No,0,No,Light snow or rain,10.80,9.74,0.84,0.34,120,907,1027
479,4/23/12,spring,2012,4,No,1,Yes,Clouds or mist,7.04,3.80,0.77,0.30,195,3019,3214
480,4/24/12,spring,2012,4,No,2,Yes,Few clouds,11.27,11.06,0.45,0.25,518,5115,5633
481,4/25/12,spring,2012,4,No,3,Yes,Few clouds,14.56,15.02,0.43,0.12,655,5541,6196
482,4/26/12,spring,2012,4,No,4,Yes,Clouds or mist,15.50,15.68,0.76,0.18,475,4551,5026
483,4/27/12,spring,2012,4,No,5,Yes,Few clouds,13.62,13.70,0.40,0.35,1014,5219,6233
484,4/28/12,spring,2012,4,No,6,No,Clouds or mist,9.86,9.08,0.49,0.13,1120,3100,4220
485,4/29/12,spring,2012,4,No,0,No,Few clouds,13.62,13.70,0.59,0.12,2229,4075,6304
486,4/30/12,spring,2012,4,No,1,Yes,Clouds or mist,13.62,14.36,0.57,0.17,665,4907,5572
487,5/1/12,spring,2012,5,No,2,Yes,Clouds or mist,20.67,22.28,0.66,0.16,653,5087,5740
488,5/2/12,spring,2012,5,No,3,Yes,Few clouds,18.32,19.64,0.80,0.14,667,5502,6169
489,5/3/12,spring,2012,5,No,4,Yes,Clouds or mist,18.32,19.64,0.77,0.13,764,5657,6421
490,5/4/12,spring,2012,5,No,5,Yes,Few clouds,21.61,22.94,0.74,0.16,1069,5227,6296
491,5/5/12,spring,2012,5,No,6,No,Clouds or mist,21.14,22.28,0.76,0.15,2496,4387,6883
492,5/6/12,spring,2012,5,No,0,No,Clouds or mist,18.32,20.30,0.74,0.15,2135,4224,6359
493,5/7/12,spring,2012,5,No,1,Yes,Clouds or mist,17.38,18.98,0.66,0.23,1008,5265,6273
494,5/8/12,spring,2012,5,No,2,Yes,Clouds or mist,19.26,20.96,0.69,0.30,738,4990,5728
495,5/9/12,spring,2012,5,No,3,Yes,Clouds or mist,19.26,20.30,0.74,0.22,620,4097,4717
496,5/10/12,spring,2012,5,No,4,Yes,Few clouds,15.97,16.34,0.55,0.31,1026,5546,6572
497,5/11/12,spring,2012,5,No,5,Yes,Few clouds,16.91,18.32,0.36,0.24,1319,5711,7030
498,5/12/12,spring,2012,5,No,6,No,Few clouds,18.32,19.64,0.48,0.12,2622,4807,7429
499,5/13/12,spring,2012,5,No,0,No,Few clouds,20.67,22.94,0.58,0.23,2172,3946,6118
500,5/14/12,spring,2012,5,No,1,Yes,Clouds or mist,18.79,20.30,0.79,0.21,342,2501,2843
501,5/15/12,spring,2012,5,No,2,Yes,Clouds or mist,20.67,22.28,0.79,0.15,625,4490,5115
502,5/16/12,spring,2012,5,No,3,Yes,Few clouds,22.08,23.60,0.70,0.12,991,6433,7424
503,5/17/12,spring,2012,5,No,4,Yes,Few clouds,19.73,21.62,0.52,0.23,1242,6142,7384
504,5/18/12,spring,2012,5,No,5,Yes,Few clouds,18.32,20.30,0.52,0.14,1521,6118,7639
505,5/19/12,spring,2012,5,No,6,No,Few clouds,20.20,21.62,0.46,0.08,3410,4884,8294
506,5/20/12,spring,2012,5,No,0,No,Few clouds,21.14,22.28,0.53,0.25,2704,4425,7129
507,5/21/12,spring,2012,5,No,1,Yes,Clouds or mist,20.20,21.62,0.81,0.23,630,3729,4359
508,5/22/12,spring,2012,5,No,2,Yes,Clouds or mist,21.14,22.28,0.77,0.12,819,5254,6073
509,5/23/12,spring,2012,5,No,3,Yes,Clouds or mist,21.14,22.28,0.77,0.10,766,4494,5260
510,5/24/12,spring,2012,5,No,4,Yes,Few clouds,23.02,24.26,0.72,0.17,1059,5711,6770
511,5/25/12,spring,2012,5,No,5,Yes,Few clouds,23.96,25.58,0.75,0.14,1417,5317,6734
512,5/26/12,spring,2012,5,No,6,No,Few clouds,24.43,26.24,0.73,0.20,2855,3681,6536
513,5/27/12,spring,2012,5,No,0,No,Few clouds,24.43,26.24,0.70,0.22,3283,3308,6591
514,5/28/12,spring,2012,5,Yes,1,No,Few clouds,25.37,28.88,0.68,0.20,2557,3486,6043
515,5/29/12,spring,2012,5,No,2,Yes,Few clouds,25.84,28.22,0.68,0.30,880,4863,5743
516,5/30/12,spring,2012,5,No,3,Yes,Clouds or mist,23.02,24.26,0.67,0.13,745,6110,6855
517,5/31/12,spring,2012,5,No,4,Yes,Few clouds,23.96,25.58,0.49,0.20,1100,6238,7338
518,6/1/12,spring,2012,6,No,5,Yes,Clouds or mist,22.55,24.26,0.76,0.24,533,3594,4127
519,6/2/12,spring,2012,6,No,6,No,Few clouds,19.26,21.62,0.55,0.19,2795,5325,8120
520,6/3/12,spring,2012,6,No,0,No,Few clouds,20.20,22.28,0.49,0.18,2494,5147,7641
521,6/4/12,spring,2012,6,No,1,Yes,Few clouds,20.20,22.28,0.49,0.28,1071,5927,6998
522,6/5/12,spring,2012,6,No,2,Yes,Clouds or mist,17.38,18.98,0.61,0.21,968,6033,7001
523,6/6/12,spring,2012,6,No,3,Yes,Few clouds,17.85,19.64,0.61,0.08,1027,6028,7055
524,6/7/12,spring,2012,6,No,4,Yes,Few clouds,20.20,21.62,0.57,0.16,1038,6456,7494
525,6/8/12,spring,2012,6,No,5,Yes,Few clouds,22.55,23.60,0.47,0.18,1488,6248,7736
526,6/9/12,spring,2012,6,No,6,No,Few clouds,25.37,26.90,0.44,0.14,2708,4790,7498
527,6/10/12,spring,2012,6,No,0,No,Few clouds,26.31,27.56,0.54,0.13,2224,4374,6598
528,6/11/12,spring,2012,6,No,1,Yes,Clouds or mist,25.84,27.56,0.59,0.21,1017,5647,6664
529,6/12/12,spring,2012,6,No,2,Yes,Clouds or mist,22.55,23.60,0.83,0.21,477,4495,4972
530,6/13/12,spring,2012,6,No,3,Yes,Few clouds,23.02,24.26,0.58,0.34,1173,6248,7421
531,6/14/12,spring,2012,6,No,4,Yes,Few clouds,22.55,24.92,0.57,0.25,1180,6183,7363
532,6/15/12,spring,2012,6,No,5,Yes,Few clouds,22.08,23.60,0.59,0.18,1563,6102,7665
533,6/16/12,spring,2012,6,No,6,No,Few clouds,21.61,22.94,0.50,0.17,2963,4739,7702
534,6/17/12,spring,2012,6,No,0,No,Few clouds,19.73,21.62,0.60,0.14,2634,4344,6978
535,6/18/12,spring,2012,6,No,1,Yes,Clouds or mist,18.79,19.64,0.78,0.17,653,4446,5099
536,6/19/12,spring,2012,6,No,2,Yes,Few clouds,24.43,26.90,0.69,0.15,968,5857,6825
537,6/20/12,spring,2012,6,No,3,Yes,Few clouds,28.66,31.52,0.59,0.11,872,5339,6211
538,6/21/12,summer,2012,6,No,4,Yes,Few clouds,30.07,33.50,0.57,0.12,778,5127,5905
539,6/22/12,summer,2012,6,No,5,Yes,Few clouds,28.66,31.52,0.57,0.18,964,4859,5823
540,6/23/12,summer,2012,6,No,6,No,Few clouds,26.31,26.90,0.53,0.18,2657,4801,7458
541,6/24/12,summer,2012,6,No,0,No,Few clouds,26.78,28.22,0.48,0.15,2551,4340,6891
542,6/25/12,summer,2012,6,No,1,Yes,Few clouds,25.84,26.90,0.50,0.30,1139,5640,6779
543,6/26/12,summer,2012,6,No,2,Yes,Few clouds,21.61,22.94,0.37,0.35,1077,6365,7442
544,6/27/12,summer,2012,6,No,3,Yes,Few clouds,24.90,26.24,0.36,0.27,1077,6258,7335
545,6/28/12,summer,2012,6,No,4,Yes,Few clouds,27.25,28.88,0.42,0.17,921,5958,6879
546,6/29/12,summer,2012,6,No,5,Yes,Few clouds,31.01,36.14,0.49,0.17,829,4634,5463
547,6/30/12,summer,2012,6,No,6,No,Few clouds,28.19,29.54,0.60,0.16,1455,4232,5687
548,7/1/12,summer,2012,7,No,0,No,Few clouds,30.54,33.50,0.52,0.17,1421,4110,5531
549,7/2/12,summer,2012,7,No,1,Yes,Few clouds,28.66,30.20,0.45,0.20,904,5323,6227
550,7/3/12,summer,2012,7,No,2,Yes,Few clouds,28.66,30.20,0.49,0.13,1052,5608,6660
551,7/4/12,summer,2012,7,Yes,3,No,Few clouds,29.13,32.18,0.54,0.13,2562,4841,7403
552,7/5/12,summer,2012,7,No,4,Yes,Few clouds,31.01,34.16,0.46,0.19,1405,4836,6241
553,7/6/12,summer,2012,7,No,5,Yes,Few clouds,31.01,33.50,0.45,0.15,1366,4841,6207
554,7/7/12,summer,2012,7,No,6,No,Few clouds,32.42,36.80,0.49,0.16,1448,3392,4840
555,7/8/12,summer,2012,7,No,0,No,Few clouds,30.54,36.14,0.57,0.13,1203,3469,4672
556,7/9/12,summer,2012,7,No,1,Yes,Clouds or mist,25.37,26.90,0.68,0.18,998,5571,6569
557,7/10/12,summer,2012,7,No,2,Yes,Clouds or mist,25.84,27.56,0.67,0.15,954,5336,6290
558,7/11/12,summer,2012,7,No,3,Yes,Few clouds,25.84,26.90,0.63,0.15,975,6289,7264
559,7/12/12,summer,2012,7,No,4,Yes,Few clouds,25.84,26.90,0.53,0.15,1032,6414,7446
560,7/13/12,summer,2012,7,No,5,Yes,Clouds or mist,26.31,28.22,0.49,0.08,1511,5988,7499
561,7/14/12,summer,2012,7,No,6,No,Clouds or mist,24.90,28.22,0.70,0.14,2355,4614,6969
562,7/15/12,summer,2012,7,No,0,No,Few clouds,27.25,30.86,0.72,0.17,1920,4111,6031
563,7/16/12,summer,2012,7,No,1,Yes,Few clouds,27.72,31.52,0.65,0.16,1088,5742,6830
564,7/17/12,summer,2012,7,No,2,Yes,Few clouds,30.54,34.16,0.51,0.11,921,5865,6786
565,7/18/12,summer,2012,7,No,3,Yes,Few clouds,29.13,33.50,0.58,0.14,799,4914,5713
566,7/19/12,summer,2012,7,No,4,Yes,Few clouds,28.19,30.86,0.60,0.17,888,5703,6591
567,7/20/12,summer,2012,7,No,5,Yes,Clouds or mist,23.49,24.26,0.84,0.21,747,5123,5870
568,7/21/12,summer,2012,7,No,6,No,Light snow or rain,20.20,20.30,0.87,0.21,1264,3195,4459
569,7/22/12,summer,2012,7,No,0,No,Clouds or mist,23.49,24.92,0.76,0.09,2544,4866,7410
570,7/23/12,summer,2012,7,No,1,Yes,Few clouds,26.78,29.54,0.69,0.14,1135,5831,6966
571,7/24/12,summer,2012,7,No,2,Yes,Few clouds,27.25,30.86,0.66,0.21,1140,6452,7592
572,7/25/12,summer,2012,7,No,3,Yes,Few clouds,25.84,26.90,0.45,0.16,1383,6790,8173
573,7/26/12,summer,2012,7,No,4,Yes,Few clouds,28.66,32.84,0.60,0.28,1036,5825,6861
574,7/27/12,summer,2012,7,No,5,Yes,Few clouds,28.66,32.18,0.59,0.15,1259,5645,6904
575,7/28/12,summer,2012,7,No,6,No,Few clouds,27.72,30.20,0.61,0.16,2234,4451,6685
576,7/29/12,summer,2012,7,No,0,No,Few clouds,25.84,28.22,0.62,0.17,2153,4444,6597
577,7/30/12,summer,2012,7,No,1,Yes,Few clouds,26.31,28.88,0.67,0.15,1040,6065,7105
578,7/31/12,summer,2012,7,No,2,Yes,Few clouds,25.37,27.56,0.70,0.17,968,6248,7216
579,8/1/12,summer,2012,8,No,3,Yes,Few clouds,25.84,28.22,0.68,0.14,1074,6506,7580
580,8/2/12,summer,2012,8,No,4,Yes,Few clouds,27.25,30.86,0.66,0.13,983,6278,7261
581,8/3/12,summer,2012,8,No,5,Yes,Clouds or mist,28.19,31.52,0.64,0.22,1328,5847,7175
582,8/4/12,summer,2012,8,No,6,No,Few clouds,29.13,33.50,0.61,0.26,2345,4479,6824
583,8/5/12,summer,2012,8,No,0,No,Few clouds,28.19,32.18,0.65,0.29,1707,3757,5464
584,8/6/12,summer,2012,8,No,1,Yes,Clouds or mist,27.25,30.86,0.65,0.13,1233,5780,7013
585,8/7/12,summer,2012,8,No,2,Yes,Clouds or mist,26.78,30.20,0.70,0.12,1278,5995,7273
586,8/8/12,summer,2012,8,No,3,Yes,Clouds or mist,27.25,30.86,0.67,0.11,1263,6271,7534
587,8/9/12,summer,2012,8,No,4,Yes,Few clouds,27.72,30.20,0.62,0.16,1196,6090,7286
588,8/10/12,summer,2012,8,No,5,Yes,Clouds or mist,25.84,28.22,0.72,0.24,1065,4721,5786
589,8/11/12,summer,2012,8,No,6,No,Clouds or mist,24.43,26.24,0.73,0.21,2247,4052,6299
590,8/12/12,summer,2012,8,No,0,No,Few clouds,24.90,26.24,0.53,0.12,2182,4362,6544
591,8/13/12,summer,2012,8,No,1,Yes,Few clouds,25.84,27.56,0.55,0.14,1207,5676,6883
592,8/14/12,summer,2012,8,No,2,Yes,Few clouds,26.31,28.88,0.69,0.17,1128,5656,6784
593,8/15/12,summer,2012,8,No,3,Yes,Few clouds,25.37,26.90,0.62,0.17,1198,6149,7347
594,8/16/12,summer,2012,8,No,4,Yes,Few clouds,25.84,26.90,0.52,0.14,1338,6267,7605
595,8/17/12,summer,2012,8,No,5,Yes,Few clouds,25.84,-0.16,0.57,0.23,1483,5665,7148
596,8/18/12,summer,2012,8,No,6,No,Few clouds,23.96,24.92,0.60,0.18,2827,5038,7865
597,8/19/12,summer,2012,8,No,0,No,Clouds or mist,22.08,23.60,0.71,0.09,1208,3341,4549
598,8/20/12,summer,2012,8,No,1,Yes,Clouds or mist,22.08,23.60,0.73,0.13,1026,5504,6530
599,8/21/12,summer,2012,8,No,2,Yes,Few clouds,22.55,23.60,0.67,0.07,1081,5925,7006
600,8/22/12,summer,2012,8,No,3,Yes,Few clouds,23.49,24.92,0.68,0.07,1094,6281,7375
601,8/23/12,summer,2012,8,No,4,Yes,Few clouds,24.90,26.24,0.64,0.08,1363,6402,7765
602,8/24/12,summer,2012,8,No,5,Yes,Clouds or mist,24.90,26.90,0.62,0.07,1325,6257,7582
603,8/25/12,summer,2012,8,No,6,No,Clouds or mist,23.02,24.92,0.71,0.24,1829,4224,6053
604,8/26/12,summer,2012,8,No,0,No,Clouds or mist,22.55,23.60,0.85,0.23,1483,3772,5255
605,8/27/12,summer,2012,8,No,1,Yes,Few clouds,24.90,26.90,0.73,0.13,989,5928,6917
606,8/28/12,summer,2012,8,No,2,Yes,Few clouds,26.31,28.22,0.62,0.19,935,6105,7040
607,8/29/12,summer,2012,8,No,3,Yes,Few clouds,24.43,26.24,0.55,0.11,1177,6520,7697
608,8/30/12,summer,2012,8,No,4,Yes,Few clouds,25.37,26.90,0.59,0.08,1172,6541,7713
609,8/31/12,summer,2012,8,No,5,Yes,Few clouds,27.72,29.54,0.59,0.17,1433,5917,7350
610,9/1/12,summer,2012,9,No,6,No,Clouds or mist,27.25,30.20,0.64,0.11,2352,3788,6140
611,9/2/12,summer,2012,9,No,0,No,Clouds or mist,24.90,26.90,0.82,0.06,2613,3197,5810
612,9/3/12,summer,2012,9,Yes,1,No,Few clouds,25.37,27.56,0.79,0.15,1965,4069,6034
613,9/4/12,summer,2012,9,No,2,Yes,Few clouds,26.31,29.54,0.76,0.24,867,5997,6864
614,9/5/12,summer,2012,9,No,3,Yes,Few clouds,26.78,30.86,0.74,0.19,832,6280,7112
615,9/6/12,summer,2012,9,No,4,Yes,Clouds or mist,24.90,27.56,0.81,0.14,611,5592,6203
616,9/7/12,summer,2012,9,No,5,Yes,Few clouds,24.90,27.56,0.74,0.17,1045,6459,7504
617,9/8/12,summer,2012,9,No,6,No,Clouds or mist,23.02,24.26,0.80,0.28,1557,4419,5976
618,9/9/12,summer,2012,9,No,0,No,Few clouds,20.67,22.28,0.55,0.22,2570,5657,8227
619,9/10/12,summer,2012,9,No,1,Yes,Few clouds,19.26,21.62,0.50,0.26,1118,6407,7525
620,9/11/12,summer,2012,9,No,2,Yes,Few clouds,19.26,20.30,0.52,0.09,1070,6697,7767
621,9/12/12,summer,2012,9,No,3,Yes,Few clouds,20.20,21.62,0.58,0.13,1050,6820,7870
622,9/13/12,summer,2012,9,No,4,Yes,Few clouds,20.67,22.28,0.64,0.08,1054,6750,7804
623,9/14/12,summer,2012,9,No,5,Yes,Few clouds,21.61,22.94,0.67,0.10,1379,6630,8009
624,9/15/12,summer,2012,9,No,6,No,Few clouds,20.67,22.94,0.50,0.25,3160,5554,8714
625,9/16/12,summer,2012,9,No,0,No,Few clouds,19.26,20.96,0.57,0.09,2166,5167,7333
626,9/17/12,summer,2012,9,No,1,Yes,Clouds or mist,19.26,20.30,0.73,0.15,1022,5847,6869
627,9/18/12,summer,2012,9,No,2,Yes,Clouds or mist,21.14,21.62,0.87,0.36,371,3702,4073
628,9/19/12,summer,2012,9,No,3,Yes,Few clouds,17.85,19.64,0.54,0.22,788,6803,7591
629,9/20/12,summer,2012,9,No,4,Yes,Few clouds,17.85,18.98,0.62,0.12,939,6781,7720
630,9/21/12,summer,2012,9,No,5,Yes,Few clouds,20.20,21.62,0.67,0.15,1250,6917,8167
631,9/22/12,summer,2012,9,No,6,No,Few clouds,22.55,24.26,0.65,0.28,2512,5883,8395
632,9/23/12,fall,2012,9,No,0,No,Few clouds,16.91,18.32,0.47,0.22,2454,5453,7907
633,9/24/12,fall,2012,9,No,1,Yes,Few clouds,15.97,17.00,0.49,0.14,1001,6435,7436
634,9/25/12,fall,2012,9,No,2,Yes,Few clouds,17.85,19.64,0.57,0.24,845,6693,7538
635,9/26/12,fall,2012,9,No,3,Yes,Few clouds,22.08,23.60,0.63,0.24,787,6946,7733
636,9/27/12,fall,2012,9,No,4,Yes,Clouds or mist,22.55,24.26,0.69,0.13,751,6642,7393
637,9/28/12,fall,2012,9,No,5,Yes,Clouds or mist,21.14,22.94,0.69,0.16,1045,6370,7415
638,9/29/12,fall,2012,9,No,6,No,Few clouds,17.38,18.98,0.54,0.23,2589,5966,8555
639,9/30/12,fall,2012,9,No,0,No,Few clouds,16.91,18.32,0.58,0.13,2015,4874,6889
640,10/1/12,fall,2012,10,No,1,Yes,Clouds or mist,16.44,17.66,0.65,0.09,763,6015,6778
641,10/2/12,fall,2012,10,No,2,Yes,Light snow or rain,19.73,19.64,0.87,0.10,315,4324,4639
642,10/3/12,fall,2012,10,No,3,Yes,Clouds or mist,23.02,23.60,0.79,0.07,728,6844,7572
643,10/4/12,fall,2012,10,No,4,Yes,Clouds or mist,23.02,24.26,0.72,0.12,891,6437,7328
644,10/5/12,fall,2012,10,No,5,Yes,Few clouds,21.14,22.28,0.63,0.11,1516,6640,8156
645,10/6/12,fall,2012,10,No,6,No,Few clouds,17.85,19.64,0.66,0.27,3031,4934,7965
646,10/7/12,fall,2012,10,No,0,No,Clouds or mist,11.74,11.72,0.71,0.14,781,2729,3510
647,10/8/12,fall,2012,10,Yes,1,No,Clouds or mist,9.86,9.74,0.71,0.19,874,4604,5478
648,10/9/12,fall,2012,10,No,2,Yes,Clouds or mist,13.15,13.04,0.76,0.19,601,5791,6392
649,10/10/12,fall,2012,10,No,3,Yes,Few clouds,15.97,17.00,0.63,0.19,780,6911,7691
650,10/11/12,fall,2012,10,No,4,Yes,Few clouds,12.68,12.38,0.46,0.18,834,6736,7570
651,10/12/12,fall,2012,10,No,5,Yes,Few clouds,12.68,12.38,0.54,0.24,1060,6222,7282
652,10/13/12,fall,2012,10,No,6,No,Few clouds,10.33,9.74,0.49,0.15,2252,4857,7109
653,10/14/12,fall,2012,10,No,0,No,Few clouds,16.44,17.66,0.64,0.28,2080,4559,6639
654,10/15/12,fall,2012,10,No,1,Yes,Clouds or mist,18.32,19.64,0.71,0.30,760,5115,5875
655,10/16/12,fall,2012,10,No,2,Yes,Few clouds,14.09,14.36,0.56,0.18,922,6612,7534
656,10/17/12,fall,2012,10,No,3,Yes,Few clouds,13.62,13.70,0.69,0.10,979,6482,7461
657,10/18/12,fall,2012,10,No,4,Yes,Clouds or mist,16.44,17.66,0.73,0.24,1008,6501,7509
658,10/19/12,fall,2012,10,No,5,Yes,Clouds or mist,18.32,19.64,0.82,0.13,753,4671,5424
659,10/20/12,fall,2012,10,No,6,No,Few clouds,14.56,15.02,0.57,0.12,2806,5284,8090
660,10/21/12,fall,2012,10,No,0,No,Few clouds,13.62,14.36,0.51,0.17,2132,4692,6824
661,10/22/12,fall,2012,10,No,1,Yes,Few clouds,15.03,15.68,0.57,0.08,830,6228,7058
662,10/23/12,fall,2012,10,No,2,Yes,Few clouds,17.38,18.98,0.64,0.09,841,6625,7466
663,10/24/12,fall,2012,10,No,3,Yes,Few clouds,19.73,20.96,0.64,0.07,795,6898,7693
664,10/25/12,fall,2012,10,No,4,Yes,Clouds or mist,17.85,18.98,0.80,0.12,875,6484,7359
665,10/26/12,fall,2012,10,No,5,Yes,Clouds or mist,17.85,18.32,0.81,0.13,1182,6262,7444
666,10/27/12,fall,2012,10,No,6,No,Clouds or mist,16.91,18.32,0.72,0.24,2643,5209,7852
667,10/28/12,fall,2012,10,No,0,No,Clouds or mist,14.56,15.02,0.69,0.40,998,3461,4459
668,10/29/12,fall,2012,10,No,1,Yes,Light snow or rain,12.68,13.04,0.88,0.36,2,20,22
669,10/30/12,fall,2012,10,No,2,Yes,Clouds or mist,7.04,4.46,0.83,0.21,87,1009,1096
670,10/31/12,fall,2012,10,No,3,Yes,Clouds or mist,8.92,7.76,0.67,0.17,419,5147,5566
671,11/1/12,fall,2012,11,No,4,Yes,Clouds or mist,9.39,8.42,0.58,0.16,466,5520,5986
672,11/2/12,fall,2012,11,No,5,Yes,Few clouds,8.92,7.76,0.52,0.27,618,5229,5847
673,11/3/12,fall,2012,11,No,6,No,Clouds or mist,7.98,5.12,0.49,0.27,1029,4109,5138
674,11/4/12,fall,2012,11,No,0,No,Few clouds,7.51,5.78,0.53,0.18,1201,3906,5107
675,11/5/12,fall,2012,11,No,1,Yes,Few clouds,7.04,4.46,0.49,0.24,378,4881,5259
676,11/6/12,fall,2012,11,No,2,Yes,Few clouds,5.16,2.48,0.57,0.17,466,5220,5686
677,11/7/12,fall,2012,11,No,3,Yes,Clouds or mist,6.10,1.82,0.55,0.30,326,4709,5035
678,11/8/12,fall,2012,11,No,4,Yes,Few clouds,8.45,6.44,0.33,0.35,340,4975,5315
679,11/9/12,fall,2012,11,No,5,Yes,Few clouds,8.92,7.76,0.54,0.21,709,5283,5992
680,11/10/12,fall,2012,11,No,6,No,Few clouds,10.33,9.74,0.65,0.06,2090,4446,6536
681,11/11/12,fall,2012,11,No,0,No,Few clouds,11.74,11.72,0.66,0.13,2290,4562,6852
682,11/12/12,fall,2012,11,Yes,1,No,Few clouds,15.03,15.68,0.74,0.17,1097,5172,6269
683,11/13/12,fall,2012,11,No,2,Yes,Clouds or mist,7.98,5.12,0.66,0.34,327,3767,4094
684,11/14/12,fall,2012,11,No,3,Yes,Few clouds,5.63,2.48,0.55,0.20,373,5122,5495
685,11/15/12,fall,2012,11,No,4,Yes,Clouds or mist,7.04,5.12,0.62,0.15,320,5125,5445
686,11/16/12,fall,2012,11,No,5,Yes,Few clouds,8.45,7.10,0.52,0.17,484,5214,5698
687,11/17/12,fall,2012,11,No,6,No,Few clouds,7.51,5.78,0.55,0.18,1313,4316,5629
688,11/18/12,fall,2012,11,No,0,No,Few clouds,7.98,6.44,0.69,0.23,922,3747,4669
689,11/19/12,fall,2012,11,No,1,Yes,Clouds or mist,9.86,9.08,0.62,0.24,449,5050,5499
690,11/20/12,fall,2012,11,No,2,Yes,Clouds or mist,9.39,9.08,0.69,0.08,534,5100,5634
691,11/21/12,fall,2012,11,No,3,Yes,Few clouds,8.45,7.76,0.61,0.10,615,4531,5146
692,11/22/12,fall,2012,11,Yes,4,No,Few clouds,7.98,7.10,0.58,0.05,955,1470,2425
693,11/23/12,fall,2012,11,No,5,Yes,Few clouds,9.39,9.08,0.57,0.15,1603,2307,3910
694,11/24/12,fall,2012,11,No,6,No,Few clouds,5.16,0.50,0.40,0.38,532,1745,2277
695,11/25/12,fall,2012,11,No,0,No,Few clouds,3.75,1.16,0.47,0.15,309,2115,2424
696,11/26/12,fall,2012,11,No,1,Yes,Few clouds,6.57,6.44,0.54,0.05,337,4750,5087
697,11/27/12,fall,2012,11,No,2,Yes,Clouds or mist,5.63,2.48,0.79,0.24,123,3836,3959
698,11/28/12,fall,2012,11,No,3,Yes,Few clouds,6.10,3.14,0.51,0.21,198,5062,5260
699,11/29/12,fall,2012,11,No,4,Yes,Few clouds,5.16,3.80,0.56,0.12,243,5080,5323
700,11/30/12,fall,2012,11,No,5,Yes,Few clouds,6.10,5.12,0.65,0.06,362,5306,5668
701,12/1/12,fall,2012,12,No,6,No,Clouds or mist,6.10,5.12,0.81,0.06,951,4240,5191
702,12/2/12,fall,2012,12,No,0,No,Clouds or mist,8.45,7.76,0.82,0.12,892,3757,4649
703,12/3/12,fall,2012,12,No,1,Yes,Few clouds,13.15,14.36,0.77,0.08,555,5679,6234
704,12/4/12,fall,2012,12,No,2,Yes,Few clouds,14.56,15.02,0.73,0.17,551,6055,6606
705,12/5/12,fall,2012,12,No,3,Yes,Few clouds,12.68,12.38,0.49,0.32,331,5398,5729
706,12/6/12,fall,2012,12,No,4,Yes,Few clouds,4.22,1.16,0.51,0.17,340,5035,5375
707,12/7/12,fall,2012,12,No,5,Yes,Clouds or mist,7.04,5.12,0.76,0.13,349,4659,5008
708,12/8/12,fall,2012,12,No,6,No,Clouds or mist,9.86,9.74,0.91,0.10,1153,4429,5582
709,12/9/12,fall,2012,12,No,0,No,Clouds or mist,9.86,9.74,0.91,0.16,441,2787,3228
710,12/10/12,fall,2012,12,No,1,Yes,Clouds or mist,12.68,13.04,0.93,0.19,329,4841,5170
711,12/11/12,fall,2012,12,No,2,Yes,Clouds or mist,8.45,6.44,0.60,0.30,282,5219,5501
712,12/12/12,fall,2012,12,No,3,Yes,Clouds or mist,6.10,3.80,0.54,0.16,310,5009,5319
713,12/13/12,fall,2012,12,No,4,Yes,Few clouds,6.10,3.14,0.49,0.17,425,5107,5532
714,12/14/12,fall,2012,12,No,5,Yes,Few clouds,5.16,3.14,0.64,0.13,429,5182,5611
715,12/15/12,fall,2012,12,No,6,No,Few clouds,7.04,6.44,0.65,0.11,767,4280,5047
716,12/16/12,fall,2012,12,No,0,No,Clouds or mist,8.92,8.42,0.84,0.10,538,3248,3786
717,12/17/12,fall,2012,12,No,1,Yes,Clouds or mist,10.33,10.40,0.91,0.10,212,4373,4585
718,12/18/12,fall,2012,12,No,2,Yes,Few clouds,11.27,11.06,0.67,0.22,433,5124,5557
719,12/19/12,fall,2012,12,No,3,Yes,Few clouds,7.51,6.44,0.63,0.18,333,4934,5267
720,12/20/12,fall,2012,12,No,4,Yes,Clouds or mist,7.51,6.44,0.67,0.13,314,3814,4128
721,12/21/12,winter,2012,12,No,5,Yes,Clouds or mist,7.51,3.80,0.56,0.37,221,3402,3623
722,12/22/12,winter,2012,12,No,6,No,Few clouds,4.69,-0.16,0.44,0.41,205,1544,1749
723,12/23/12,winter,2012,12,No,0,No,Few clouds,3.75,1.16,0.52,0.13,408,1379,1787
724,12/24/12,winter,2012,12,No,1,Yes,Clouds or mist,2.81,1.16,0.79,0.08,174,746,920
725,12/25/12,winter,2012,12,Yes,2,No,Clouds or mist,5.63,3.14,0.73,0.17,440,573,1013
726,12/26/12,winter,2012,12,No,3,Yes,Light snow or rain,3.28,-1.48,0.82,0.32,9,432,441
727,12/27/12,winter,2012,12,No,4,Yes,Clouds or mist,3.75,-0.82,0.65,0.35,247,1867,2114
728,12/28/12,winter,2012,12,No,5,Yes,Clouds or mist,3.75,1.16,0.59,0.16,644,2451,3095
729,12/29/12,winter,2012,12,No,6,No,Clouds or mist,3.75,-0.16,0.75,0.12,159,1182,1341
730,12/30/12,winter,2012,12,No,0,No,Few clouds,4.22,-0.82,0.48,0.35,364,1432,1796
731,12/31/12,winter,2012,12,No,1,Yes,Clouds or mist,2.34,-1.48,0.58,0.15,439,2290,2729
