Country name,Year,Life Ladder,GDP per capita,Social support,Healthy life expectancy at birth,Freedom to make life choices,Generosity,Perceptions of corruption,Positive affect,Negative affect
Afghanistan,2008,3.72,7.17,0.45,50.80,0.72,0.18,0.88,0.52,0.26
Afghanistan,2009,4.40,7.33,0.55,51.20,0.68,0.20,0.85,0.58,0.24
Afghanistan,2010,4.76,7.39,0.54,51.60,0.60,0.13,0.71,0.62,0.28
Afghanistan,2011,3.83,7.42,0.52,51.92,0.50,0.17,0.73,0.61,0.27
Afghanistan,2012,3.78,7.52,0.52,52.24,0.53,0.24,0.78,0.71,0.27
Afghanistan,2013,3.57,7.52,0.48,52.56,0.58,0.07,0.82,0.62,0.27
Afghanistan,2014,3.13,7.52,0.53,52.88,0.51,0.11,0.87,0.53,0.37
Afghanistan,2015,3.98,7.50,0.53,53.20,0.39,0.09,0.88,0.55,0.34
Afghanistan,2016,4.22,7.50,0.56,53.00,0.52,0.05,0.79,0.56,0.35
Afghanistan,2017,2.66,7.50,0.49,52.80,0.43,-0.11,0.95,0.50,0.37
Afghanistan,2018,2.69,7.49,0.51,52.60,0.37,-0.08,0.93,0.42,0.40
Albania,2007,4.63,9.08,0.82,65.80,0.53,-0.01,0.87,0.55,0.25
Albania,2009,5.49,9.16,0.83,66.20,0.53,-0.16,0.86,0.64,0.28
Albania,2010,5.27,9.20,0.73,66.40,0.57,-0.18,0.73,0.65,0.30
Albania,2011,5.87,9.23,0.76,66.68,0.49,-0.21,0.88,0.63,0.26
Albania,2012,5.51,9.25,0.78,66.96,0.60,-0.17,0.85,0.61,0.27
Albania,2013,4.55,9.26,0.76,67.24,0.63,-0.13,0.86,0.63,0.34
Albania,2014,4.81,9.28,0.63,67.52,0.73,-0.03,0.88,0.68,0.33
Albania,2015,4.61,9.30,0.64,67.80,0.70,-0.08,0.88,0.69,0.35
Albania,2016,4.51,9.34,0.64,68.10,0.73,-0.02,0.90,0.68,0.32
Albania,2017,4.64,9.38,0.64,68.40,0.75,-0.03,0.88,0.67,0.33
Albania,2018,5.00,9.41,0.68,68.70,0.82,0.01,0.90,0.71,0.32
Algeria,2011,5.32,9.47,0.81,64.66,0.53,-0.20,0.64,0.55,0.25
Algeria,2012,5.60,9.49,0.84,64.82,0.59,-0.20,0.69,0.60,0.23
Algeria,2017,5.25,9.54,0.81,65.70,0.44,-0.19,0.70,0.64,0.29
Algeria,2018,5.04,9.56,0.80,65.90,0.58,-0.17,0.76,0.59,0.29
Angola,2011,5.59,8.68,0.72,52.50,0.58,0.07,0.91,0.66,0.36
Angola,2012,4.36,8.70,0.75,53.20,0.46,-0.12,0.91,0.56,0.30
Angola,2013,3.94,8.73,0.72,53.90,0.41,-0.09,0.82,0.66,0.37
Angola,2014,3.79,8.74,0.75,54.60,0.37,-0.16,0.83,0.58,0.37
Argentina,2006,6.31,9.72,0.94,66.82,0.73,-0.15,0.85,0.82,0.33
Argentina,2007,6.07,9.79,0.86,66.94,0.65,-0.14,0.88,0.83,0.28
Argentina,2008,5.96,9.82,0.89,67.06,0.68,-0.13,0.86,0.82,0.32
Argentina,2009,6.42,9.75,0.92,67.18,0.64,-0.13,0.88,0.86,0.24
Argentina,2010,6.44,9.84,0.93,67.30,0.73,-0.12,0.85,0.85,0.21
Argentina,2011,6.78,9.88,0.89,67.48,0.82,-0.17,0.75,0.84,0.23
Argentina,2012,6.47,9.86,0.90,67.66,0.75,-0.14,0.82,0.86,0.27
Argentina,2013,6.58,9.88,0.91,67.84,0.74,-0.13,0.82,0.84,0.25
Argentina,2014,6.67,9.84,0.92,68.02,0.75,-0.16,0.85,0.86,0.24
Argentina,2015,6.70,9.86,0.93,68.20,0.88,-0.17,0.85,0.86,0.31
Argentina,2016,6.43,9.83,0.88,68.40,0.85,-0.19,0.85,0.84,0.31
Argentina,2017,6.04,9.85,0.91,68.60,0.83,-0.18,0.84,0.81,0.29
Argentina,2018,5.79,9.81,0.90,68.80,0.85,-0.21,0.86,0.82,0.32
Armenia,2006,4.29,8.72,0.68,64.80,0.52,-0.22,0.85,0.49,0.47
Armenia,2007,4.88,8.86,0.76,64.90,0.61,-0.24,0.82,0.51,0.41
Armenia,2008,4.65,8.93,0.71,65.00,0.46,-0.20,0.88,0.52,0.38
Armenia,2009,4.18,8.78,0.68,65.10,0.44,-0.20,0.88,0.54,0.41
Armenia,2010,4.37,8.81,0.66,65.20,0.46,-0.16,0.89,0.51,0.43
Armenia,2011,4.26,8.86,0.71,65.36,0.46,-0.21,0.87,0.47,0.46
Armenia,2012,4.32,8.92,0.68,65.52,0.50,-0.20,0.89,0.52,0.46
Armenia,2013,4.28,8.95,0.72,65.68,0.50,-0.18,0.90,0.56,0.45
Armenia,2014,4.45,8.98,0.74,65.84,0.51,-0.21,0.92,0.58,0.40
Armenia,2015,4.35,9.01,0.72,66.00,0.55,-0.19,0.90,0.59,0.44
Armenia,2016,4.33,9.01,0.71,66.30,0.61,-0.16,0.92,0.59,0.44
Armenia,2017,4.29,9.08,0.70,66.60,0.61,-0.13,0.86,0.63,0.44
Armenia,2018,5.06,9.12,0.81,66.90,0.81,-0.15,0.68,0.58,0.45
Australia,2007,7.29,10.61,0.97,71.72,0.89,0.34,0.51,0.83,0.22
Australia,2008,7.25,10.63,0.95,71.88,0.92,0.30,0.43,0.83,0.22
Australia,2010,7.45,10.63,0.95,72.20,0.93,0.31,0.37,0.83,0.22
Australia,2011,7.41,10.64,0.97,72.30,0.94,0.36,0.38,0.82,0.20
Australia,2012,7.20,10.66,0.94,72.40,0.94,0.27,0.37,0.81,0.21
Australia,2013,7.36,10.67,0.93,72.50,0.93,0.26,0.43,0.82,0.18
Australia,2014,7.29,10.68,0.92,72.60,0.92,0.31,0.44,0.78,0.25
Australia,2015,7.31,10.69,0.95,72.70,0.92,0.32,0.36,0.79,0.21
Australia,2016,7.25,10.70,0.94,73.00,0.92,0.23,0.40,0.79,0.24
Australia,2017,7.26,10.71,0.95,73.30,0.91,0.31,0.41,0.78,0.23
Australia,2018,7.18,10.72,0.94,73.60,0.92,0.14,0.40,0.76,0.19
Austria,2006,7.12,10.66,0.94,70.76,0.94,0.30,0.49,0.82,0.17
Austria,2008,7.18,10.70,0.93,71.08,0.88,0.29,0.61,0.83,0.17
Austria,2010,7.30,10.68,0.91,71.40,0.90,0.13,0.55,0.81,0.16
Austria,2011,7.47,10.70,0.94,71.54,0.94,0.13,0.70,0.79,0.15
Austria,2012,7.40,10.70,0.95,71.68,0.92,0.12,0.77,0.82,0.16
Austria,2013,7.50,10.70,0.95,71.82,0.92,0.17,0.68,0.79,0.16
Austria,2014,6.95,10.70,0.90,71.96,0.89,0.12,0.57,0.78,0.17
Austria,2015,7.08,10.70,0.93,72.10,0.90,0.10,0.56,0.80,0.16
Austria,2016,7.05,10.70,0.93,72.40,0.89,0.08,0.52,0.76,0.20
Austria,2017,7.29,10.72,0.91,72.70,0.89,0.13,0.52,0.75,0.18
Austria,2018,7.40,10.74,0.91,73.00,0.90,0.05,0.52,0.75,0.23
Azerbaijan,2006,4.73,9.28,0.85,61.88,0.77,-0.25,0.77,0.51,0.28
Azerbaijan,2007,4.57,9.49,0.75,62.26,0.52,-0.23,0.87,0.52,0.28
Azerbaijan,2008,4.82,9.57,0.68,62.64,0.60,-0.05,0.72,0.58,0.23
Azerbaijan,2009,4.57,9.64,0.74,63.02,0.50,-0.11,0.75,0.54,0.23
Azerbaijan,2010,4.22,9.68,0.69,63.40,0.50,-0.14,0.86,0.53,0.27
Azerbaijan,2011,4.68,9.66,0.73,63.64,0.54,-0.13,0.80,0.54,0.26
Azerbaijan,2012,4.91,9.67,0.76,63.88,0.60,-0.16,0.76,0.55,0.27
Azerbaijan,2013,5.48,9.72,0.77,64.12,0.67,-0.19,0.70,0.62,0.24
Azerbaijan,2014,5.25,9.72,0.80,64.36,0.73,-0.23,0.65,0.60,0.22
Azerbaijan,2015,5.15,9.72,0.79,64.60,0.76,-0.22,0.62,0.61,0.21
Azerbaijan,2016,5.30,9.68,0.78,64.90,0.71,-0.22,0.61,0.60,0.19
Azerbaijan,2017,5.15,9.67,0.79,65.20,0.73,-0.25,0.65,0.59,0.20
Azerbaijan,2018,5.17,9.68,0.78,65.50,0.77,-0.25,0.56,0.59,0.19
Bahrain,2009,5.70,10.61,0.90,65.94,0.90,0.03,0.51,0.76,0.42
Bahrain,2010,5.94,10.61,0.88,66.30,0.86,-0.01,0.71,0.68,0.42
Bahrain,2011,4.82,10.60,0.91,66.58,0.87,-0.06,0.58,0.54,0.51
Bangladesh,2006,4.32,7.62,0.67,59.02,0.61,0.07,0.79,0.60,0.32
Bangladesh,2007,4.61,7.67,0.51,59.44,0.60,0.05,0.81,0.63,0.31
Bangladesh,2008,5.05,7.72,0.47,59.86,0.61,-0.04,0.80,0.73,0.23
Bangladesh,2009,5.08,7.76,0.53,60.28,0.63,-0.07,0.78,0.67,0.22
Bangladesh,2010,4.86,7.80,0.55,60.70,0.66,-0.01,0.77,0.63,0.29
Bangladesh,2011,4.99,7.85,0.61,61.12,0.84,-0.06,0.76,0.68,0.23
Bangladesh,2012,4.72,7.90,0.58,61.54,0.67,-0.03,0.76,0.71,0.18
Bangladesh,2013,4.66,7.95,0.53,61.96,0.74,-0.01,0.74,0.62,0.25
Bangladesh,2015,4.63,8.05,0.60,62.80,0.81,-0.06,0.72,0.63,0.23
Bangladesh,2016,4.56,8.11,0.65,63.30,0.87,-0.08,0.69,0.56,0.24
Bangladesh,2017,4.31,8.17,0.71,63.80,0.90,0.02,0.64,0.57,0.21
Bangladesh,2018,4.50,8.22,0.71,64.30,0.90,-0.04,0.70,0.54,0.36
Belarus,2006,5.66,9.43,0.92,61.10,0.71,-0.25,0.71,0.61,0.27
Belarus,2007,5.62,9.51,0.86,61.40,0.67,-0.23,0.69,0.60,0.23
Belarus,2009,5.56,9.62,0.91,62.00,0.68,-0.21,0.68,0.57,0.22
Belarus,2010,5.53,9.69,0.92,62.30,0.70,-0.17,0.71,0.57,0.21
Belarus,2011,5.23,9.75,0.91,62.88,0.66,-0.18,0.67,0.52,0.25
Belarus,2012,5.75,9.77,0.90,63.46,0.65,-0.23,0.66,0.52,0.18
Belarus,2013,5.88,9.78,0.92,64.04,0.72,-0.19,0.65,0.61,0.21
Belarus,2014,5.81,9.80,0.88,64.62,0.65,-0.06,0.68,0.62,0.21
Belarus,2015,5.72,9.75,0.92,65.20,0.62,-0.10,0.67,0.58,0.18
Belarus,2016,5.18,9.73,0.93,65.50,0.66,-0.13,0.66,0.55,0.18
Belarus,2017,5.55,9.75,0.90,65.80,0.62,-0.13,0.65,0.54,0.23
Belarus,2018,5.23,9.78,0.90,66.10,0.64,-0.18,0.72,0.45,0.24
Belgium,2007,7.22,10.64,0.92,70.26,0.90,0.07,0.72,0.81,0.22
Belgium,2008,7.12,10.64,0.92,70.44,0.89,0.00,0.65,0.81,0.24
Belgium,2010,6.85,10.62,0.93,70.80,0.81,0.02,0.70,0.83,0.24
Belgium,2011,7.11,10.63,0.94,70.92,0.88,-0.02,0.71,0.83,0.23
Belgium,2012,6.94,10.62,0.93,71.04,0.86,-0.05,0.76,0.82,0.24
Belgium,2013,7.10,10.62,0.91,71.16,0.89,0.01,0.57,0.80,0.22
Belgium,2014,6.86,10.63,0.94,71.28,0.86,0.00,0.51,0.80,0.25
Belgium,2015,6.90,10.64,0.89,71.40,0.87,0.06,0.47,0.81,0.24
Belgium,2016,6.95,10.65,0.93,71.60,0.87,-0.06,0.50,0.76,0.26
Belgium,2017,6.93,10.66,0.92,71.80,0.86,0.05,0.54,0.79,0.23
Belgium,2018,6.89,10.67,0.93,72.00,0.81,-0.13,0.63,0.75,0.25
Belize,2007,6.45,8.97,0.87,61.60,0.71,0.02,0.77,0.76,0.25
Belize,2014,5.96,8.99,0.76,62.22,0.87,0.00,0.78,0.75,0.28
Benin,2006,3.33,7.47,0.44,50.10,0.58,0.01,0.79,0.59,0.31
Benin,2008,3.67,7.52,0.38,50.90,0.71,0.02,0.83,0.58,0.30
Benin,2011,3.87,7.51,0.48,51.98,0.77,-0.12,0.85,0.63,0.22
Benin,2012,3.19,7.53,0.52,52.26,0.77,-0.09,0.81,0.58,0.23
Benin,2013,3.48,7.57,0.58,52.54,0.78,-0.06,0.86,0.70,0.22
Benin,2014,3.35,7.60,0.51,52.82,0.78,-0.07,0.85,0.59,0.27
Benin,2015,3.62,7.59,0.43,53.10,0.73,0.00,0.85,0.59,0.37
Benin,2016,4.01,7.61,0.49,53.50,0.78,-0.04,0.84,0.61,0.46
Benin,2017,4.85,7.63,0.44,53.90,0.73,-0.04,0.77,0.61,0.46
Benin,2018,5.82,7.66,0.50,54.30,0.71,0.02,0.75,0.65,0.47
Bhutan,2013,5.57,8.86,0.82,59.60,0.81,0.36,0.80,0.78,0.22
Bhutan,2014,4.94,8.90,0.88,59.90,0.83,0.28,0.65,0.86,0.32
Bhutan,2015,5.08,8.95,0.85,60.20,0.83,0.29,0.63,0.81,0.31
Bolivia,2006,5.37,8.48,0.83,59.00,0.77,-0.04,0.79,0.74,0.43
Bolivia,2007,5.63,8.51,0.80,59.50,0.78,0.01,0.82,0.77,0.39
Bolivia,2008,5.30,8.55,0.79,60.00,0.73,-0.09,0.80,0.78,0.39
Bolivia,2009,6.09,8.57,0.83,60.50,0.78,-0.03,0.76,0.80,0.37
Bolivia,2010,5.78,8.60,0.81,61.00,0.70,-0.06,0.78,0.77,0.35
Bolivia,2011,5.78,8.63,0.82,61.34,0.78,-0.03,0.82,0.76,0.36
Bolivia,2012,6.02,8.66,0.78,61.68,0.86,-0.01,0.84,0.78,0.41
Bolivia,2013,5.77,8.71,0.80,62.02,0.85,-0.06,0.81,0.76,0.41
Bolivia,2014,5.86,8.75,0.82,62.36,0.88,0.02,0.83,0.81,0.40
Bolivia,2015,5.83,8.78,0.83,62.70,0.88,-0.02,0.86,0.79,0.39
Bolivia,2016,5.77,8.81,0.80,63.00,0.88,-0.04,0.85,0.78,0.38
Bolivia,2017,5.65,8.84,0.78,63.30,0.88,-0.12,0.82,0.70,0.43
Bolivia,2018,5.92,8.86,0.83,63.60,0.86,-0.09,0.79,0.74,0.39
Bosnia and Herzegovina,2007,4.90,9.14,0.77,66.04,0.34,0.01,0.93,0.61,0.30
Bosnia and Herzegovina,2009,4.96,9.17,0.74,66.48,0.26,-0.03,0.96,0.57,0.39
Bosnia and Herzegovina,2010,4.67,9.18,0.77,66.70,0.36,-0.13,0.93,0.52,0.41
Bosnia and Herzegovina,2011,4.99,9.20,0.73,66.74,0.33,-0.04,0.92,0.60,0.33
Bosnia and Herzegovina,2012,4.77,9.20,0.78,66.78,0.42,-0.01,0.95,0.55,0.34
Bosnia and Herzegovina,2013,5.12,9.24,0.77,66.82,0.39,0.04,0.97,0.54,0.31
Bosnia and Herzegovina,2014,5.25,9.26,0.79,66.86,0.41,0.23,0.98,0.53,0.26
Bosnia and Herzegovina,2015,5.12,9.30,0.66,66.90,0.63,-0.05,0.96,0.53,0.29
Bosnia and Herzegovina,2016,5.18,9.34,0.81,67.20,0.63,0.13,0.96,0.64,0.30
Bosnia and Herzegovina,2017,5.09,9.37,0.78,67.50,0.56,0.09,0.92,0.60,0.27
Bosnia and Herzegovina,2018,5.89,9.40,0.84,67.80,0.66,0.12,0.91,0.64,0.28
Botswana,2006,4.74,9.42,0.88,46.82,0.82,-0.20,0.72,0.69,0.23
Botswana,2008,5.45,9.53,0.83,49.86,0.86,-0.17,0.81,0.73,0.22
Botswana,2010,3.55,9.50,0.87,52.90,0.83,-0.15,0.81,0.69,0.17
Botswana,2011,3.52,9.54,0.86,53.68,0.81,-0.26,0.82,0.74,0.16
Botswana,2012,4.84,9.56,0.84,54.46,0.80,-0.21,0.81,0.77,0.17
Botswana,2013,4.13,9.65,0.86,55.24,0.77,-0.16,0.75,0.70,0.24
Botswana,2014,4.03,9.67,0.86,56.02,0.79,-0.11,0.74,0.67,0.25
Botswana,2015,3.76,9.64,0.82,56.80,0.86,-0.12,0.86,0.75,0.26
Botswana,2016,3.50,9.66,0.77,57.50,0.85,-0.26,0.73,0.69,0.25
Botswana,2017,3.50,9.67,0.77,58.20,0.82,-0.25,0.73,0.66,0.28
Botswana,2018,3.46,9.68,0.79,58.90,0.82,-0.26,0.81,0.73,0.27
Brazil,2007,6.32,9.49,0.89,63.78,0.78,-0.03,0.73,0.86,0.30
Brazil,2008,6.69,9.53,0.88,64.02,0.78,-0.09,0.69,0.82,0.27
Brazil,2009,7.00,9.52,0.91,64.26,0.77,-0.07,0.72,0.83,0.27
Brazil,2010,6.84,9.58,0.91,64.50,0.81,-0.06,0.66,0.82,0.25
Brazil,2011,7.04,9.61,0.92,64.76,0.83,-0.08,0.66,0.81,0.27
Brazil,2013,7.14,9.64,0.91,65.28,0.78,-0.10,0.71,0.82,0.28
Brazil,2014,6.98,9.64,0.90,65.54,0.71,-0.13,0.71,0.79,0.27
Brazil,2015,6.55,9.60,0.91,65.80,0.80,-0.03,0.77,0.76,0.32
Brazil,2016,6.37,9.55,0.91,66.00,0.81,-0.11,0.78,0.76,0.30
Brazil,2017,6.33,9.55,0.90,66.20,0.76,-0.18,0.79,0.72,0.31
Brazil,2018,6.19,9.56,0.88,66.40,0.75,-0.13,0.76,0.75,0.35
Bulgaria,2007,3.84,9.58,0.83,65.10,0.57,-0.14,0.98,0.59,0.23
Bulgaria,2010,3.91,9.63,0.84,65.70,0.54,-0.15,0.94,0.55,0.24
Bulgaria,2011,3.88,9.66,0.86,65.80,0.66,-0.23,0.95,0.53,0.27
Bulgaria,2012,4.22,9.67,0.84,65.90,0.64,-0.17,0.94,0.57,0.24
Bulgaria,2013,3.99,9.68,0.83,66.00,0.60,-0.19,0.96,0.62,0.28
Bulgaria,2014,4.44,9.70,0.89,66.10,0.58,-0.06,0.95,0.63,0.24
Bulgaria,2015,4.87,9.74,0.91,66.20,0.64,-0.20,0.94,0.64,0.21
Bulgaria,2016,4.84,9.79,0.93,66.40,0.70,-0.17,0.94,0.62,0.17
Bulgaria,2017,5.10,9.83,0.94,66.60,0.69,-0.16,0.91,0.61,0.19
Bulgaria,2018,5.10,9.87,0.92,66.80,0.72,-0.18,0.95,0.64,0.19
Burkina Faso,2006,3.80,7.17,0.80,46.66,0.59,0.04,0.80,0.72,0.27
Burkina Faso,2007,4.02,7.20,0.77,47.42,0.58,-0.05,0.83,0.65,0.28
Burkina Faso,2008,3.85,7.24,0.73,48.18,0.61,-0.09,0.89,0.52,0.30
Burkina Faso,2010,4.04,7.26,0.77,49.70,0.59,-0.03,0.77,0.59,0.22
Burkina Faso,2011,4.79,7.29,0.71,50.24,0.72,-0.10,0.71,0.58,0.20
Burkina Faso,2012,3.96,7.33,0.74,50.78,0.62,-0.06,0.73,0.54,0.30
Burkina Faso,2013,3.33,7.35,0.75,51.32,0.74,-0.01,0.76,0.63,0.29
Burkina Faso,2014,3.48,7.37,0.74,51.86,0.71,0.01,0.80,0.61,0.26
Burkina Faso,2015,4.42,7.38,0.71,52.40,0.66,0.01,0.69,0.58,0.36
Burkina Faso,2016,4.21,7.40,0.76,52.90,0.64,0.01,0.72,0.62,0.34
Burkina Faso,2017,4.65,7.44,0.78,53.40,0.61,-0.05,0.73,0.59,0.35
Burkina Faso,2018,4.93,7.47,0.66,53.90,0.72,0.00,0.76,0.71,0.34
Burundi,2008,3.56,6.63,0.29,49.02,0.26,-0.02,0.86,0.44,0.25
Burundi,2009,3.79,6.63,0.33,49.66,0.43,-0.02,0.72,0.64,0.16
Burundi,2011,3.71,6.65,0.42,50.68,0.49,-0.06,0.68,0.69,0.19
Burundi,2014,2.90,6.69,0.56,51.82,0.43,-0.05,0.81,0.66,0.25
Burundi,2018,3.78,6.54,0.48,53.40,0.65,-0.02,0.60,0.67,0.36
Cambodia,2008,4.46,7.80,0.62,56.90,0.91,0.04,0.89,0.74,0.34
Cambodia,2009,4.11,7.79,0.82,57.70,0.94,0.15,0.96,0.80,0.19
Cambodia,2010,4.14,7.83,0.70,58.50,0.94,0.35,0.90,0.77,0.42
Cambodia,2011,4.16,7.89,0.72,58.88,0.93,0.42,0.78,0.80,0.31
Cambodia,2012,3.90,7.94,0.61,59.26,0.96,0.25,0.89,0.82,0.35
Cambodia,2013,3.67,7.99,0.65,59.64,0.94,0.16,0.81,0.79,0.44
Cambodia,2014,3.88,8.05,0.69,60.02,0.94,0.24,0.84,0.78,0.48
Cambodia,2015,4.16,8.10,0.73,60.40,0.96,0.21,0.83,0.81,0.40
Cambodia,2016,4.46,8.15,0.75,60.80,0.96,0.07,0.84,0.84,0.40
Cambodia,2017,4.59,8.20,0.77,61.20,0.96,0.09,0.82,0.80,0.41
Cameroon,2006,3.85,7.95,0.69,45.98,0.65,-0.01,0.91,0.61,0.27
Cameroon,2007,4.35,7.98,0.72,46.56,0.64,-0.03,0.91,0.63,0.25
Cameroon,2008,4.29,7.98,0.70,47.14,0.58,-0.07,0.95,0.60,0.31
Cameroon,2009,4.74,7.98,0.73,47.72,0.70,-0.02,0.93,0.59,0.25
Cameroon,2010,4.55,7.98,0.76,48.30,0.79,0.00,0.87,0.61,0.27
Cameroon,2011,4.43,8.00,0.74,48.70,0.82,-0.03,0.87,0.60,0.27
Cameroon,2012,4.24,8.01,0.74,49.10,0.77,-0.04,0.90,0.62,0.28
Cameroon,2013,4.27,8.04,0.76,49.50,0.79,-0.03,0.87,0.68,0.27
Cameroon,2014,4.24,8.07,0.78,49.90,0.79,-0.07,0.86,0.62,0.22
Cameroon,2015,5.04,8.10,0.65,50.30,0.79,0.05,0.87,0.65,0.35
Cameroon,2016,4.82,8.12,0.66,51.10,0.71,-0.01,0.88,0.66,0.37
Cameroon,2017,5.07,8.12,0.69,51.90,0.77,-0.03,0.84,0.63,0.38
Cameroon,2018,5.25,8.13,0.68,52.70,0.82,0.03,0.88,0.64,0.36
Canada,2005,7.42,10.61,0.96,71.30,0.96,0.24,0.50,0.84,0.23
Canada,2008,7.49,10.64,0.94,71.84,0.93,0.25,0.37,0.89,0.20
Canada,2009,7.49,10.59,0.94,72.02,0.92,0.24,0.41,0.87,0.25
Canada,2010,7.65,10.61,0.95,72.20,0.93,0.22,0.41,0.88,0.23
Canada,2011,7.43,10.64,0.92,72.36,0.95,0.25,0.43,0.88,0.25
Canada,2012,7.42,10.64,0.95,72.52,0.92,0.28,0.47,0.86,0.23
Canada,2013,7.59,10.65,0.94,72.68,0.92,0.31,0.41,0.85,0.26
Canada,2014,7.30,10.67,0.92,72.84,0.94,0.26,0.44,0.83,0.26
Canada,2015,7.41,10.67,0.94,73.00,0.93,0.25,0.43,0.85,0.29
Canada,2016,7.24,10.67,0.92,73.20,0.91,0.20,0.39,0.82,0.24
Canada,2017,7.41,10.69,0.93,73.40,0.95,0.16,0.36,0.86,0.22
Canada,2018,7.18,10.70,0.92,73.60,0.95,0.10,0.37,0.82,0.26
Central African Republic,2007,4.16,6.75,0.53,40.90,0.66,0.09,0.78,0.57,0.33
Central African Republic,2010,3.57,6.78,0.48,42.70,0.69,-0.02,0.85,0.52,0.26
Central African Republic,2011,3.68,6.81,0.39,43.08,0.78,0.00,0.83,0.52,0.28
Central African Republic,2016,2.69,6.47,0.29,44.90,0.62,0.05,0.86,0.58,0.49
Central African Republic,2017,3.48,6.49,0.32,45.20,0.65,0.09,0.89,0.61,0.60
Chad,2006,3.43,7.46,0.72,43.18,0.31,0.02,0.96,0.58,0.26
Chad,2007,4.14,7.46,0.48,43.66,0.29,-0.02,0.87,0.61,0.25
Chad,2008,4.63,7.46,0.57,44.14,0.53,0.05,0.94,0.57,0.23
Chad,2009,3.64,7.47,0.65,44.62,0.40,0.01,0.93,0.56,0.22
Chad,2010,3.74,7.56,0.73,45.10,0.50,0.01,0.86,0.54,0.29
Chad,2011,4.39,7.53,0.82,45.42,0.54,0.02,0.88,0.59,0.29
Chad,2012,4.03,7.58,0.67,45.74,0.56,-0.05,0.88,0.53,0.32
Chad,2013,3.51,7.60,0.71,46.06,0.49,-0.06,0.88,0.46,0.31
Chad,2014,3.46,7.64,0.73,46.38,0.57,-0.08,0.88,0.54,0.33
Chad,2015,4.32,7.63,0.75,46.70,0.47,-0.04,0.89,0.61,0.36
Chad,2016,4.03,7.54,0.62,47.20,0.53,0.04,0.82,0.58,0.47
Chad,2017,4.56,7.48,0.66,47.70,0.61,0.00,0.79,0.63,0.54
Chad,2018,4.49,7.47,0.58,48.20,0.65,0.01,0.76,0.55,0.54
Chile,2006,6.06,9.79,0.84,68.66,0.74,0.16,0.63,0.80,0.35
Chile,2007,5.70,9.83,0.81,68.72,0.66,0.24,0.72,0.77,0.34
Chile,2008,5.79,9.85,0.80,68.78,0.64,0.08,0.74,0.76,0.33
Chile,2009,6.49,9.83,0.83,68.84,0.75,0.14,0.73,0.81,0.30
Chile,2010,6.64,9.88,0.86,68.90,0.79,0.10,0.70,0.81,0.30
Chile,2011,6.53,9.93,0.82,69.04,0.70,0.10,0.75,0.80,0.32
Chile,2012,6.60,9.97,0.86,69.18,0.73,0.19,0.78,0.82,0.29
Chile,2013,6.74,10.00,0.86,69.32,0.74,0.08,0.74,0.86,0.29
Chile,2014,6.84,10.01,0.86,69.46,0.73,0.21,0.76,0.87,0.28
Chile,2015,6.53,10.02,0.83,69.60,0.77,0.03,0.81,0.80,0.33
Chile,2016,6.58,10.03,0.84,69.70,0.65,0.09,0.86,0.87,0.28
Chile,2017,6.32,10.03,0.88,69.80,0.79,-0.03,0.84,0.84,0.29
Chile,2018,6.44,10.07,0.89,69.90,0.79,-0.07,0.82,0.83,0.28
Colombia,2006,6.02,9.19,0.91,65.22,0.80,-0.02,0.81,0.80,0.33
Colombia,2007,6.14,9.24,0.89,65.34,0.79,-0.04,0.86,0.81,0.29
Colombia,2008,6.17,9.26,0.88,65.46,0.80,-0.05,0.76,0.80,0.31
Colombia,2009,6.27,9.27,0.89,65.58,0.76,-0.06,0.84,0.84,0.27
Colombia,2010,6.41,9.30,0.89,65.70,0.82,-0.05,0.81,0.83,0.26
Colombia,2011,6.46,9.35,0.90,65.92,0.81,-0.08,0.85,0.83,0.29
Colombia,2012,6.37,9.38,0.91,66.14,0.83,-0.01,0.87,0.85,0.29
Colombia,2013,6.61,9.42,0.90,66.36,0.84,-0.08,0.90,0.85,0.28
Colombia,2014,6.45,9.45,0.91,66.58,0.80,-0.09,0.89,0.85,0.28
Colombia,2015,6.39,9.47,0.89,66.80,0.79,-0.10,0.84,0.84,0.29
Colombia,2016,6.23,9.48,0.88,67.10,0.83,-0.11,0.90,0.79,0.29
Colombia,2017,6.16,9.49,0.91,67.40,0.84,-0.16,0.88,0.84,0.30
Colombia,2018,5.98,9.51,0.87,67.70,0.85,-0.16,0.85,0.83,0.30
Comoros,2009,3.48,7.26,0.63,54.36,0.51,-0.03,0.84,0.67,0.17
Comoros,2010,3.81,7.25,0.72,54.70,0.53,0.05,0.74,0.73,0.18
Comoros,2011,3.84,7.25,0.72,55.02,0.50,-0.03,0.73,0.67,0.17
Comoros,2012,3.96,7.26,0.72,55.34,0.53,-0.07,0.65,0.61,0.21
Comoros,2018,3.97,7.26,0.62,57.20,0.56,0.14,0.79,0.75,0.34
Congo (Brazzaville),2011,4.51,8.56,0.64,54.58,0.74,-0.14,0.83,0.62,0.29
Congo (Brazzaville),2012,3.92,8.57,0.62,54.96,0.77,-0.15,0.80,0.56,0.32
Congo (Brazzaville),2013,3.95,8.58,0.68,55.34,0.73,-0.11,0.75,0.61,0.29
Congo (Brazzaville),2014,4.06,8.62,0.69,55.72,0.66,-0.15,0.81,0.60,0.40
Congo (Brazzaville),2015,4.69,8.62,0.64,56.10,0.85,-0.14,0.84,0.61,0.26
Congo (Brazzaville),2016,4.12,8.57,0.62,56.70,0.79,-0.11,0.79,0.61,0.30
Congo (Brazzaville),2017,4.88,8.49,0.66,57.30,0.78,-0.16,0.76,0.60,0.38
Congo (Brazzaville),2018,5.49,8.47,0.62,57.90,0.70,-0.12,0.74,0.59,0.45
Congo (Kinshasa),2009,3.98,6.46,0.73,49.34,0.56,0.00,0.82,0.49,0.28
Congo (Kinshasa),2011,4.52,6.53,0.74,50.34,0.63,-0.01,0.86,0.62,0.21
Congo (Kinshasa),2012,4.64,6.56,0.77,50.78,0.56,-0.02,0.81,0.63,0.23
Congo (Kinshasa),2013,4.50,6.61,0.83,51.22,0.48,0.03,0.91,0.59,0.19
Congo (Kinshasa),2014,4.41,6.67,0.82,51.66,0.56,0.03,0.81,0.56,0.30
Congo (Kinshasa),2015,3.90,6.70,0.77,52.10,0.57,-0.03,0.87,0.59,0.30
Congo (Kinshasa),2016,4.52,6.69,0.86,52.50,0.64,-0.01,0.87,0.65,0.22
Congo (Kinshasa),2017,4.31,6.69,0.67,52.90,0.70,0.09,0.81,0.55,0.40
Costa Rica,2006,7.08,9.36,0.94,69.94,0.88,0.06,0.80,0.87,0.24
Costa Rica,2007,7.43,9.43,0.92,69.88,0.92,0.10,0.82,0.88,0.24
Costa Rica,2008,6.85,9.46,0.92,69.82,0.91,0.10,0.82,0.84,0.23
Costa Rica,2009,7.61,9.44,0.90,69.76,0.89,0.07,0.79,0.88,0.22
Costa Rica,2010,7.27,9.47,0.92,69.70,0.88,0.05,0.76,0.89,0.22
Costa Rica,2011,7.23,9.50,0.89,69.90,0.93,-0.03,0.84,0.88,0.27
Costa Rica,2012,7.27,9.54,0.90,70.10,0.93,0.05,0.79,0.90,0.26
Costa Rica,2013,7.16,9.55,0.90,70.30,0.90,0.02,0.81,0.85,0.28
Costa Rica,2014,7.25,9.57,0.91,70.50,0.93,0.01,0.79,0.84,0.29
Costa Rica,2015,6.85,9.60,0.88,70.70,0.91,-0.06,0.76,0.85,0.29
Costa Rica,2016,7.14,9.63,0.90,70.90,0.87,-0.03,0.78,0.87,0.28
Costa Rica,2017,7.23,9.65,0.92,71.10,0.94,-0.07,0.74,0.87,0.28
Costa Rica,2018,7.14,9.67,0.88,71.30,0.94,-0.10,0.78,0.87,0.33
Croatia,2007,5.82,9.98,0.91,67.12,0.66,-0.09,0.93,0.59,0.34
Croatia,2009,5.43,9.92,0.86,67.64,0.55,-0.27,0.96,0.64,0.27
Croatia,2010,5.60,9.91,0.80,67.90,0.56,-0.24,0.97,0.61,0.26
Croatia,2011,5.39,9.94,0.79,68.00,0.52,-0.20,0.98,0.60,0.27
Croatia,2012,6.03,9.92,0.78,68.10,0.54,-0.24,0.92,0.62,0.27
Croatia,2013,5.89,9.92,0.75,68.20,0.63,-0.21,0.94,0.59,0.28
Croatia,2014,5.38,9.92,0.65,68.30,0.52,0.13,0.92,0.60,0.29
Croatia,2015,5.21,9.95,0.77,68.40,0.69,-0.10,0.85,0.61,0.29
Croatia,2016,5.42,9.99,0.80,69.00,0.67,-0.07,0.88,0.61,0.34
Croatia,2017,5.34,10.03,0.77,69.60,0.72,-0.11,0.89,0.66,0.32
Croatia,2018,5.54,10.07,0.91,70.20,0.69,-0.15,0.93,0.58,0.29
Cyprus,2006,6.24,10.45,0.88,71.44,0.84,0.01,0.71,0.83,0.25
Cyprus,2009,6.83,10.45,0.81,72.16,0.77,0.05,0.80,0.75,0.33
Cyprus,2010,6.39,10.43,0.82,72.40,0.76,0.07,0.83,0.79,0.30
Cyprus,2011,6.69,10.41,0.84,72.54,0.75,0.17,0.84,0.76,0.27
Cyprus,2012,6.18,10.36,0.77,72.68,0.72,0.09,0.87,0.76,0.37
Cyprus,2013,5.44,10.30,0.74,72.82,0.66,0.10,0.87,0.75,0.42
Cyprus,2014,5.63,10.30,0.77,72.96,0.72,0.05,0.87,0.74,0.40
Cyprus,2015,5.44,10.33,0.77,73.10,0.63,0.11,0.89,0.75,0.38
Cyprus,2016,5.79,10.35,0.79,73.30,0.76,-0.03,0.90,0.74,0.34
Cyprus,2017,6.06,10.39,0.82,73.50,0.81,0.04,0.85,0.78,0.30
Czech Republic,2007,6.50,10.27,0.90,67.44,0.80,-0.07,0.93,0.74,0.28
Czech Republic,2010,6.25,10.25,0.93,68.10,0.78,-0.04,0.93,0.64,0.24
Czech Republic,2011,6.33,10.27,0.91,68.24,0.79,-0.11,0.95,0.60,0.25
Czech Republic,2012,6.33,10.26,0.91,68.38,0.74,-0.16,0.96,0.61,0.26
Czech Republic,2013,6.70,10.25,0.89,68.52,0.73,-0.16,0.92,0.72,0.25
Czech Republic,2014,6.48,10.28,0.88,68.66,0.80,-0.17,0.90,0.68,0.24
Czech Republic,2015,6.61,10.33,0.91,68.80,0.81,-0.15,0.89,0.75,0.21
Czech Republic,2016,6.74,10.35,0.93,69.30,0.85,-0.20,0.90,0.76,0.20
Czech Republic,2017,6.79,10.39,0.90,69.80,0.83,-0.18,0.87,0.74,0.23
Czech Republic,2018,7.03,10.42,0.93,70.30,0.79,-0.29,0.85,0.71,0.18
Denmark,2007,7.83,10.74,0.95,69.92,0.93,0.24,0.21,0.83,0.19
Denmark,2008,7.97,10.73,0.95,70.08,0.97,0.27,0.25,0.76,0.16
Denmark,2009,7.68,10.68,0.94,70.24,0.95,0.26,0.21,0.75,0.23
Denmark,2010,7.77,10.69,0.97,70.40,0.94,0.24,0.17,0.78,0.15
Denmark,2011,7.79,10.70,0.96,70.62,0.93,0.29,0.22,0.77,0.17
Denmark,2012,7.52,10.70,0.95,70.84,0.93,0.13,0.19,0.77,0.21
Denmark,2013,7.59,10.70,0.96,71.06,0.92,0.21,0.17,0.86,0.19
Denmark,2014,7.51,10.72,0.96,71.28,0.94,0.11,0.24,0.83,0.23
Denmark,2015,7.51,10.72,0.96,71.50,0.94,0.22,0.19,0.83,0.22
Denmark,2016,7.56,10.74,0.95,71.80,0.95,0.13,0.21,0.84,0.21
Denmark,2017,7.59,10.75,0.95,72.10,0.96,0.15,0.18,0.82,0.21
Denmark,2018,7.65,10.76,0.96,72.40,0.94,0.02,0.15,0.82,0.21
Djibouti,2008,5.01,7.83,0.69,53.26,0.77,0.14,0.58,0.75,0.12
Djibouti,2009,4.91,7.86,0.90,53.78,0.65,0.00,0.63,0.66,0.23
Djibouti,2011,4.37,7.90,0.63,54.70,0.75,-0.07,0.52,0.58,0.18
Dominican Republic,2006,5.09,9.18,0.92,62.68,0.86,0.04,0.75,0.75,0.27
Dominican Republic,2007,5.08,9.24,0.85,62.96,0.89,-0.01,0.77,0.77,0.26
Dominican Republic,2008,4.84,9.25,0.85,63.24,0.85,-0.05,0.73,0.73,0.33
Dominican Republic,2009,5.43,9.25,0.88,63.52,0.86,-0.05,0.81,0.79,0.28
Dominican Republic,2010,4.74,9.32,0.86,63.80,0.82,-0.08,0.78,0.79,0.28
Dominican Republic,2011,5.40,9.34,0.87,64.02,0.85,0.01,0.79,0.81,0.30
Dominican Republic,2012,4.75,9.35,0.88,64.24,0.84,-0.06,0.73,0.80,0.30
Dominican Republic,2013,5.02,9.38,0.88,64.46,0.89,0.02,0.75,0.79,0.30
Dominican Republic,2014,5.39,9.45,0.89,64.68,0.90,-0.02,0.76,0.80,0.30
Dominican Republic,2015,5.06,9.50,0.89,64.90,0.86,-0.07,0.76,0.71,0.30
Dominican Republic,2016,5.24,9.56,0.89,65.20,0.87,-0.08,0.74,0.76,0.28
Dominican Republic,2017,5.61,9.59,0.89,65.50,0.86,-0.12,0.76,0.74,0.27
Dominican Republic,2018,5.43,9.63,0.86,65.80,0.87,-0.15,0.76,0.74,0.29
Ecuador,2006,5.02,9.09,0.91,66.08,0.67,-0.09,0.90,0.82,0.36
Ecuador,2007,5.00,9.09,0.84,66.26,0.67,-0.07,0.83,0.83,0.29
Ecuador,2008,5.30,9.14,0.83,66.44,0.64,-0.10,0.80,0.84,0.28
Ecuador,2009,6.02,9.13,0.78,66.62,0.74,-0.11,0.77,0.84,0.26
Ecuador,2010,5.84,9.14,0.84,66.80,0.72,-0.07,0.81,0.83,0.22
Ecuador,2011,5.80,9.20,0.82,66.96,0.79,-0.16,0.70,0.86,0.27
Ecuador,2012,5.96,9.24,0.79,67.12,0.83,-0.09,0.73,0.85,0.33
Ecuador,2013,6.02,9.27,0.80,67.28,0.79,-0.19,0.65,0.85,0.27
Ecuador,2014,5.95,9.30,0.83,67.44,0.72,-0.17,0.66,0.86,0.31
Ecuador,2015,5.96,9.28,0.86,67.60,0.80,-0.12,0.67,0.85,0.32
Ecuador,2016,6.12,9.25,0.84,67.90,0.85,-0.02,0.77,0.85,0.37
Ecuador,2017,5.84,9.27,0.85,68.20,0.88,-0.17,0.73,0.83,0.31
Ecuador,2018,6.13,9.27,0.85,68.50,0.87,-0.10,0.83,0.88,0.33
Egypt,2009,5.07,9.17,0.74,59.94,0.61,-0.11,0.80,0.64,0.34
Egypt,2010,4.67,9.20,0.77,60.00,0.49,-0.08,0.83,0.57,0.28
Egypt,2011,4.17,9.19,0.75,60.16,0.59,-0.16,0.86,0.53,0.35
Egypt,2012,4.20,9.19,0.74,60.32,0.45,-0.14,0.88,0.53,0.40
Egypt,2013,3.56,9.19,0.68,60.48,0.47,-0.15,0.91,0.55,0.48
Egypt,2014,4.89,9.20,0.62,60.64,0.58,-0.13,0.75,0.54,0.33
Egypt,2015,4.76,9.22,0.73,60.80,0.66,-0.10,0.68,0.61,0.34
Egypt,2016,4.56,9.24,0.81,61.10,0.66,-0.15,0.82,0.61,0.37
El Salvador,2006,5.70,8.73,0.88,62.92,0.68,-0.05,0.81,0.86,0.23
El Salvador,2007,5.30,8.74,0.72,63.24,0.64,-0.01,0.79,0.87,0.22
El Salvador,2008,5.19,8.76,0.75,63.56,0.64,-0.08,0.73,0.84,0.23
El Salvador,2009,6.84,8.73,0.73,63.88,0.67,-0.10,0.65,0.85,0.24
El Salvador,2010,6.74,8.75,0.76,64.20,0.67,-0.06,0.69,0.81,0.30
El Salvador,2011,4.74,8.78,0.73,64.40,0.75,-0.12,0.71,0.88,0.34
El Salvador,2012,5.93,8.80,0.81,64.60,0.68,-0.15,0.79,0.83,0.37
El Salvador,2013,6.33,8.82,0.83,64.80,0.72,-0.15,0.77,0.83,0.32
El Salvador,2014,5.86,8.84,0.80,65.00,0.78,-0.19,0.78,0.84,0.33
El Salvador,2015,6.02,8.86,0.79,65.20,0.73,-0.15,0.80,0.83,0.33
El Salvador,2016,6.14,8.88,0.79,65.50,0.80,-0.18,0.80,0.76,0.35
El Salvador,2017,6.34,8.89,0.83,65.80,0.76,-0.17,0.78,0.85,0.27
El Salvador,2018,6.28,8.91,0.82,66.10,0.86,-0.10,0.83,0.87,0.27
Estonia,2006,5.37,10.14,0.91,64.86,0.75,-0.27,0.80,0.65,0.22
Estonia,2007,5.33,10.22,0.90,65.32,0.71,-0.25,0.74,0.67,0.18
Estonia,2008,5.45,10.16,0.90,65.78,0.64,-0.22,0.66,0.60,0.22
Estonia,2009,5.14,10.01,0.87,66.24,0.61,-0.23,0.79,0.60,0.24
Estonia,2011,5.49,10.11,0.91,66.96,0.74,-0.17,0.69,0.65,0.21
Estonia,2012,5.36,10.15,0.89,67.22,0.70,-0.20,0.79,0.65,0.20
Estonia,2013,5.37,10.18,0.90,67.48,0.75,-0.21,0.73,0.70,0.20
Estonia,2014,5.56,10.21,0.92,67.74,0.77,-0.16,0.65,0.68,0.20
Estonia,2015,5.63,10.22,0.92,68.00,0.81,-0.17,0.57,0.72,0.18
Estonia,2016,5.65,10.24,0.94,68.20,0.84,-0.15,0.64,0.73,0.18
Estonia,2017,5.94,10.29,0.94,68.40,0.86,-0.10,0.67,0.81,0.16
Estonia,2018,6.09,10.32,0.93,68.60,0.89,-0.14,0.62,0.79,0.16
Ethiopia,2013,4.44,7.19,0.60,55.80,0.71,0.00,0.75,0.64,0.21
Ethiopia,2014,4.51,7.26,0.64,56.40,0.69,0.09,0.70,0.74,0.30
Ethiopia,2015,4.57,7.34,0.63,57.00,0.80,0.12,0.57,0.71,0.24
Ethiopia,2016,4.30,7.38,0.72,57.50,0.74,0.05,0.70,0.73,0.25
Ethiopia,2017,4.18,7.46,0.73,58.00,0.72,0.01,0.76,0.61,0.30
Ethiopia,2018,4.38,7.52,0.74,58.50,0.74,0.04,0.80,0.66,0.27
Finland,2006,7.67,10.61,0.96,69.76,0.97,-0.01,0.13,0.72,0.17
Finland,2008,7.67,10.66,0.95,70.08,0.93,0.02,0.22,0.77,0.14
Finland,2010,7.39,10.59,0.94,70.40,0.92,0.09,0.41,0.83,0.20
Finland,2011,7.35,10.61,0.94,70.64,0.94,0.10,0.32,0.77,0.21
Finland,2012,7.42,10.59,0.93,70.88,0.92,-0.01,0.36,0.80,0.20
Finland,2013,7.44,10.58,0.94,71.12,0.92,0.03,0.31,0.77,0.19
Finland,2014,7.38,10.57,0.95,71.36,0.93,-0.01,0.27,0.78,0.20
Finland,2015,7.45,10.57,0.95,71.60,0.93,0.11,0.22,0.75,0.19
Finland,2016,7.66,10.59,0.95,71.70,0.95,-0.03,0.25,0.80,0.18
Finland,2017,7.79,10.61,0.96,71.80,0.96,-0.01,0.19,0.79,0.18
Finland,2018,7.86,10.64,0.96,71.90,0.94,-0.13,0.20,0.78,0.18
France,2006,6.58,10.52,0.94,71.48,0.79,0.12,0.70,0.78,0.29
France,2008,7.01,10.54,0.94,71.84,0.83,-0.04,0.67,0.75,0.28
France,2009,6.28,10.50,0.92,72.02,0.80,-0.09,0.65,0.76,0.30
France,2010,6.80,10.51,0.94,72.20,0.85,-0.11,0.62,0.79,0.26
France,2011,6.96,10.53,0.92,72.40,0.90,-0.11,0.63,0.78,0.28
France,2012,6.65,10.53,0.94,72.60,0.84,-0.15,0.61,0.75,0.25
France,2013,6.67,10.53,0.91,72.80,0.88,-0.13,0.70,0.80,0.20
France,2014,6.47,10.53,0.88,73.00,0.80,-0.12,0.66,0.81,0.22
France,2015,6.36,10.54,0.90,73.20,0.82,-0.14,0.64,0.79,0.22
France,2016,6.48,10.55,0.88,73.40,0.79,-0.10,0.62,0.77,0.27
France,2017,6.64,10.56,0.93,73.60,0.83,-0.13,0.60,0.76,0.24
France,2018,6.67,10.57,0.92,73.80,0.82,-0.14,0.58,0.77,0.28
Gabon,2011,4.26,9.67,0.65,55.48,0.77,-0.23,0.85,0.59,0.26
Gabon,2012,3.97,9.69,0.74,56.16,0.57,-0.21,0.81,0.47,0.27
Gabon,2013,3.80,9.71,0.73,56.84,0.68,-0.16,0.78,0.51,0.29
Gabon,2014,3.92,9.72,0.83,57.52,0.61,-0.22,0.78,0.54,0.29
Gabon,2015,4.66,9.73,0.76,58.20,0.67,-0.21,0.87,0.63,0.37
Gabon,2016,4.83,9.73,0.78,58.70,0.70,-0.22,0.82,0.64,0.43
Gabon,2017,4.78,9.71,0.81,59.20,0.65,-0.25,0.87,0.63,0.45
Gabon,2018,4.78,9.72,0.78,59.70,0.72,-0.22,0.82,0.64,0.42
Gambia,2017,4.12,7.35,0.70,54.70,0.81,0.13,0.57,0.84,0.28
Georgia,2006,3.68,8.60,0.65,65.12,0.55,-0.25,0.75,0.43,0.27
Georgia,2007,3.71,8.73,0.55,65.04,0.46,-0.25,0.70,0.43,0.24
Georgia,2008,4.16,8.77,0.61,64.96,0.61,-0.21,0.50,0.44,0.26
Georgia,2009,3.80,8.74,0.54,64.88,0.50,-0.21,0.53,0.49,0.24
Georgia,2010,4.10,8.81,0.54,64.80,0.56,-0.23,0.46,0.50,0.24
Georgia,2011,4.20,8.90,0.50,64.86,0.63,-0.24,0.35,0.51,0.25
Georgia,2012,4.25,8.97,0.53,64.92,0.66,-0.25,0.32,0.56,0.25
Georgia,2013,4.35,9.02,0.56,64.98,0.72,-0.24,0.35,0.60,0.20
Georgia,2014,4.29,9.08,0.56,65.04,0.72,-0.22,0.42,0.57,0.20
Georgia,2015,4.12,9.11,0.52,65.10,0.64,-0.19,0.50,0.55,0.23
Georgia,2016,4.45,9.14,0.53,64.90,0.61,-0.24,0.56,0.56,0.22
Georgia,2017,4.45,9.18,0.59,64.70,0.82,-0.23,0.59,0.58,0.21
Georgia,2018,4.66,9.23,0.62,64.50,0.78,-0.22,0.75,0.57,0.24
Germany,2007,6.42,10.61,0.93,70.48,0.80,0.16,0.79,0.73,0.23
Germany,2009,6.64,10.57,0.93,70.76,0.84,0.12,0.69,0.79,0.21
Germany,2010,6.72,10.61,0.94,70.90,0.84,0.09,0.69,0.79,0.18
Germany,2011,6.62,10.66,0.95,70.98,0.91,0.03,0.68,0.79,0.17
Germany,2012,6.70,10.66,0.93,71.06,0.90,0.07,0.68,0.80,0.17
Germany,2013,6.97,10.67,0.93,71.14,0.89,0.02,0.57,0.74,0.20
Germany,2014,6.98,10.68,0.94,71.22,0.90,0.08,0.47,0.79,0.19
Germany,2015,7.04,10.69,0.93,71.30,0.89,0.17,0.41,0.76,0.20
Germany,2016,6.87,10.70,0.91,71.60,0.87,0.14,0.45,0.74,0.19
Germany,2017,7.07,10.72,0.89,71.90,0.84,0.14,0.41,0.74,0.20
Germany,2018,7.12,10.73,0.92,72.20,0.88,0.03,0.50,0.78,0.24
Ghana,2006,4.54,7.88,0.73,52.34,0.85,0.22,0.81,0.67,0.20
Ghana,2007,5.22,7.89,0.73,52.78,0.89,0.15,0.77,0.69,0.22
Ghana,2008,4.97,7.95,0.62,53.22,0.84,0.13,0.86,0.72,0.17
Ghana,2009,4.20,7.98,0.63,53.66,0.76,0.01,0.89,0.77,0.20
Ghana,2010,4.61,8.03,0.74,54.10,0.89,0.08,0.87,0.78,0.18
Ghana,2011,5.61,8.13,0.72,54.48,0.85,0.02,0.79,0.74,0.21
Ghana,2012,5.06,8.20,0.69,54.86,0.68,0.05,0.90,0.76,0.15
Ghana,2013,4.97,8.24,0.68,55.24,0.79,-0.06,0.88,0.69,0.21
Ghana,2014,3.86,8.26,0.65,55.62,0.68,0.01,0.91,0.70,0.28
Ghana,2015,3.99,8.28,0.69,56.00,0.85,-0.03,0.95,0.69,0.27
Ghana,2016,4.51,8.29,0.65,56.40,0.75,0.09,0.89,0.67,0.30
Ghana,2017,5.48,8.35,0.67,56.80,0.78,0.08,0.84,0.70,0.25
Greece,2007,6.65,10.38,0.81,70.90,0.58,-0.19,0.84,0.74,0.22
Greece,2009,6.04,10.32,0.79,71.30,0.44,-0.29,0.96,0.65,0.25
Greece,2010,5.84,10.27,0.87,71.50,0.48,-0.30,0.95,0.63,0.29
Greece,2011,5.37,10.17,0.85,71.56,0.53,-0.32,0.94,0.59,0.32
Greece,2012,5.10,10.10,0.81,71.62,0.37,-0.31,0.96,0.58,0.35
Greece,2013,4.72,10.08,0.69,71.68,0.43,-0.27,0.94,0.69,0.48
Greece,2014,4.76,10.09,0.83,71.74,0.37,-0.29,0.93,0.69,0.39
Greece,2015,5.62,10.09,0.83,71.80,0.53,-0.27,0.82,0.74,0.28
Greece,2016,5.30,10.09,0.80,72.00,0.48,-0.26,0.90,0.70,0.34
Greece,2017,5.15,10.11,0.75,72.20,0.44,-0.29,0.87,0.60,0.33
Greece,2018,5.41,10.13,0.79,72.40,0.56,-0.34,0.86,0.67,0.26
Guatemala,2006,5.90,8.77,0.83,60.74,0.66,0.17,0.71,0.82,0.29
Guatemala,2007,6.33,8.81,0.87,61.08,0.63,0.13,0.81,0.82,0.22
Guatemala,2008,6.41,8.82,0.87,61.42,0.63,0.20,0.80,0.83,0.23
Guatemala,2009,6.45,8.81,0.83,61.76,0.64,0.19,0.75,0.83,0.24
Guatemala,2010,6.29,8.81,0.86,62.10,0.70,0.16,0.79,0.85,0.24
Guatemala,2011,5.74,8.83,0.77,62.46,0.76,0.01,0.86,0.84,0.29
Guatemala,2012,5.86,8.84,0.80,62.82,0.87,0.02,0.82,0.86,0.35
Guatemala,2013,5.98,8.85,0.83,63.18,0.88,0.04,0.82,0.87,0.33
Guatemala,2014,6.54,8.87,0.83,63.54,0.84,0.11,0.80,0.84,0.31
Guatemala,2015,6.46,8.89,0.82,63.90,0.87,0.05,0.82,0.85,0.31
Guatemala,2016,6.36,8.90,0.81,64.20,0.86,0.01,0.81,0.85,0.32
Guatemala,2017,6.33,8.91,0.83,64.50,0.91,-0.06,0.80,0.85,0.31
Guatemala,2018,6.63,8.92,0.84,64.80,0.91,-0.01,0.77,0.87,0.26
Guinea,2011,4.04,7.39,0.60,50.22,0.80,0.05,0.74,0.70,0.26
Guinea,2012,3.65,7.43,0.54,50.44,0.65,0.01,0.79,0.68,0.28
Guinea,2013,3.90,7.45,0.57,50.66,0.69,0.10,0.82,0.60,0.35
Guinea,2014,3.41,7.46,0.64,50.88,0.68,0.01,0.71,0.63,0.35
Guinea,2015,3.50,7.47,0.58,51.10,0.67,0.01,0.76,0.67,0.27
Guinea,2016,3.60,7.55,0.68,52.20,0.73,-0.05,0.80,0.69,0.37
Guinea,2017,4.87,7.60,0.63,53.30,0.74,0.05,0.75,0.70,0.42
Guinea,2018,5.25,7.63,0.63,54.40,0.73,0.10,0.78,0.74,0.44
Guyana,2007,5.99,8.58,0.85,57.26,0.69,0.12,0.84,0.77,0.30
Haiti,2006,3.75,7.36,0.69,48.46,0.45,0.40,0.85,0.61,0.33
Haiti,2008,3.85,7.37,0.68,40.38,0.46,0.26,0.81,0.61,0.26
Haiti,2010,3.77,7.31,0.55,32.30,0.37,0.22,0.85,0.55,0.29
Haiti,2011,4.84,7.35,0.57,36.86,0.41,0.24,0.68,0.63,0.24
Haiti,2012,4.41,7.37,0.75,41.42,0.48,0.29,0.72,0.59,0.28
Haiti,2013,4.62,7.40,0.65,45.98,0.61,0.29,0.67,0.54,0.33
Haiti,2014,3.89,7.41,0.55,50.54,0.51,0.28,0.71,0.59,0.33
Haiti,2015,3.57,7.41,0.56,55.10,0.40,0.31,0.78,0.62,0.33
Haiti,2016,3.35,7.41,0.58,55.30,0.30,0.29,0.84,0.55,0.37
Haiti,2017,3.82,7.41,0.65,55.50,0.48,0.38,0.65,0.57,0.32
Haiti,2018,3.61,7.42,0.54,55.70,0.59,0.42,0.72,0.58,0.36
Honduras,2006,5.40,8.26,0.93,64.54,0.65,0.10,0.84,0.86,0.16
Honduras,2007,5.10,8.29,0.82,64.78,0.68,0.24,0.83,0.76,0.20
Honduras,2008,5.42,8.31,0.83,65.02,0.69,0.23,0.86,0.79,0.21
Honduras,2009,6.03,8.27,0.82,65.26,0.66,0.13,0.86,0.80,0.26
Honduras,2010,5.87,8.29,0.80,65.50,0.65,0.11,0.82,0.80,0.26
Honduras,2011,4.96,8.31,0.77,65.72,0.78,0.10,0.88,0.82,0.31
Honduras,2012,4.60,8.33,0.78,65.94,0.70,0.00,0.87,0.85,0.29
Honduras,2013,4.71,8.34,0.79,66.16,0.70,-0.02,0.87,0.82,0.28
Honduras,2014,5.06,8.35,0.79,66.38,0.70,0.02,0.83,0.82,0.30
Honduras,2015,4.85,8.37,0.77,66.60,0.53,-0.09,0.85,0.86,0.31
Honduras,2016,5.65,8.39,0.77,66.80,0.85,0.09,0.79,0.83,0.30
Honduras,2017,6.02,8.42,0.84,67.00,0.90,0.08,0.78,0.84,0.25
Honduras,2018,5.91,8.44,0.83,67.20,0.87,0.11,0.80,0.87,0.29
Hong Kong S.A.R. of China,2006,5.51,10.68,0.81,74.28,0.91,0.15,0.36,0.72,0.24
Hong Kong S.A.R. of China,2008,5.14,10.75,0.84,74.28,0.92,0.29,0.27,0.72,0.24
Hong Kong S.A.R. of China,2009,5.40,10.72,0.83,74.64,0.92,0.30,0.27,0.76,0.21
Hong Kong S.A.R. of China,2010,5.64,10.78,0.86,74.83,0.89,0.32,0.26,0.71,0.18
Hong Kong S.A.R. of China,2011,5.47,10.82,0.85,75.23,0.89,0.22,0.24,0.73,0.20
Hong Kong S.A.R. of China,2012,5.48,10.83,0.83,75.28,0.88,0.21,0.38,0.72,0.18
Hong Kong S.A.R. of China,2014,5.46,10.87,0.83,75.73,0.84,0.21,0.42,0.68,0.24
Hong Kong S.A.R. of China,2016,5.50,10.90,0.83,75.95,0.80,0.09,0.40,0.66,0.21
Hong Kong S.A.R. of China,2017,5.36,10.93,0.83,75.91,0.83,0.13,0.42,0.64,0.20
Hungary,2007,4.95,10.06,0.93,65.00,0.54,-0.17,0.90,0.70,0.23
Hungary,2009,4.89,10.01,0.90,65.40,0.46,-0.13,0.91,0.66,0.23
Hungary,2010,4.73,10.02,0.90,65.60,0.51,-0.15,0.98,0.66,0.23
Hungary,2011,4.92,10.04,0.89,65.76,0.63,-0.10,0.94,0.64,0.30
Hungary,2012,4.68,10.02,0.91,65.92,0.57,-0.14,0.93,0.65,0.32
Hungary,2013,4.91,10.05,0.88,66.08,0.67,-0.12,0.91,0.71,0.31
Hungary,2014,5.18,10.09,0.84,66.24,0.49,-0.16,0.86,0.65,0.24
Hungary,2015,5.34,10.13,0.86,66.40,0.56,-0.20,0.91,0.71,0.24
Hungary,2016,5.45,10.15,0.90,66.80,0.55,-0.19,0.92,0.67,0.24
Hungary,2017,6.07,10.20,0.88,67.20,0.66,-0.15,0.89,0.74,0.18
Iceland,2008,6.89,10.68,0.98,72.32,0.89,0.27,0.71,0.88,0.15
Iceland,2012,7.59,10.59,0.98,72.76,0.90,0.24,0.76,0.90,0.16
Iceland,2013,7.50,10.63,0.97,72.84,0.92,0.30,0.71,0.87,0.16
Iceland,2015,7.50,10.67,0.98,73.00,0.94,0.30,0.64,0.85,0.18
Iceland,2016,7.51,10.73,0.98,73.00,0.95,0.28,0.72,0.87,0.16
Iceland,2017,7.48,10.75,0.97,73.00,0.94,0.24,0.73,0.90,0.15
India,2007,5.03,8.22,0.57,56.14,0.73,-0.06,0.86,0.67,0.25
India,2008,5.15,8.24,0.68,56.56,0.76,-0.08,0.89,0.67,0.26
India,2009,4.52,8.31,0.65,56.98,0.68,-0.04,0.89,0.77,0.30
India,2010,4.99,8.39,0.60,57.40,0.78,0.05,0.86,0.70,0.27
India,2011,4.63,8.44,0.55,57.70,0.84,-0.05,0.91,0.65,0.23
India,2012,4.72,8.48,0.51,58.00,0.61,0.06,0.83,0.63,0.29
India,2013,4.43,8.53,0.55,58.30,0.74,0.07,0.83,0.68,0.33
India,2014,4.42,8.59,0.62,58.60,0.81,-0.04,0.83,0.71,0.28
India,2015,4.34,8.66,0.61,58.90,0.78,-0.02,0.78,0.70,0.32
India,2016,4.18,8.72,0.61,59.30,0.82,0.03,0.76,0.69,0.35
India,2017,4.05,8.77,0.61,59.70,0.89,-0.05,0.78,0.68,0.32
India,2018,3.82,8.83,0.64,60.10,0.89,0.07,0.81,0.66,0.36
Indonesia,2006,4.95,8.87,0.77,59.84,0.71,0.34,0.92,0.82,0.27
Indonesia,2007,5.10,8.92,0.70,59.98,0.60,0.30,0.96,0.81,0.24
Indonesia,2008,4.82,8.96,0.68,60.12,0.60,0.15,0.97,0.77,0.24
Indonesia,2009,5.47,8.99,0.78,60.26,0.78,0.18,0.91,0.86,0.19
Indonesia,2010,5.46,9.04,0.82,60.40,0.70,0.44,0.95,0.84,0.22
Indonesia,2011,5.17,9.09,0.82,60.62,0.88,0.43,0.96,0.86,0.27
Indonesia,2012,5.37,9.13,0.83,60.84,0.77,0.34,0.96,0.90,0.23
Indonesia,2013,5.29,9.17,0.79,61.06,0.78,0.36,0.97,0.89,0.25
Indonesia,2014,5.60,9.21,0.90,61.28,0.72,0.40,0.97,0.85,0.24
Indonesia,2015,5.04,9.25,0.81,61.50,0.78,0.46,0.95,0.88,0.27
Indonesia,2016,5.14,9.28,0.79,61.70,0.83,0.49,0.89,0.83,0.34
Indonesia,2017,5.10,9.32,0.80,61.90,0.87,0.48,0.90,0.86,0.32
Indonesia,2018,5.34,9.36,0.81,62.10,0.88,0.50,0.87,0.86,0.30
Iran,2007,5.34,9.76,0.72,62.76,0.53,0.02,0.87,0.63,0.36
Iran,2008,5.13,9.75,0.63,63.14,0.60,0.02,0.87,0.62,0.35
Iran,2011,4.77,9.81,0.58,64.14,0.80,0.17,0.66,0.58,0.36
Iran,2013,5.14,9.70,0.66,64.62,0.73,0.19,0.69,0.66,0.55
Iran,2014,4.68,9.74,0.64,64.86,0.77,0.21,0.64,0.62,0.51
Iran,2015,4.75,9.71,0.57,65.10,0.78,0.15,0.70,0.64,0.52
Iran,2016,4.65,9.83,0.57,65.40,0.77,0.15,0.71,0.69,0.53
Iran,2017,4.72,9.86,0.71,65.70,0.73,0.19,0.71,0.69,0.44
Iran,2018,4.28,9.89,0.67,66.00,0.60,0.04,0.70,0.55,0.49
Iraq,2008,4.59,9.41,0.74,58.32,0.39,-0.10,0.91,0.53,0.45
Iraq,2009,4.78,9.42,0.86,58.96,0.43,-0.23,0.85,0.52,0.40
Iraq,2010,5.07,9.45,0.85,59.60,0.42,-0.16,0.86,0.54,0.43
Iraq,2011,4.73,9.49,0.75,59.36,0.35,-0.11,0.78,0.49,0.56
Iraq,2012,4.66,9.59,0.73,59.12,0.31,-0.06,0.79,0.42,0.45
Iraq,2014,4.54,9.60,0.73,58.64,0.65,-0.04,0.73,0.57,0.56
Iraq,2015,4.49,9.62,0.68,58.40,0.60,-0.02,0.76,0.49,0.58
Iraq,2016,4.41,9.70,0.72,59.00,0.67,-0.09,0.80,0.49,0.57
Iraq,2017,4.46,9.66,0.70,59.60,0.63,-0.04,0.76,0.51,0.59
Ireland,2006,7.14,10.78,0.97,70.14,0.94,0.24,0.47,0.88,0.21
Ireland,2008,7.57,10.74,0.98,70.82,0.89,0.32,0.49,0.88,0.15
Ireland,2009,7.05,10.68,0.96,71.16,0.83,0.31,0.58,0.86,0.23
Ireland,2010,7.26,10.69,0.97,71.50,0.86,0.35,0.62,0.88,0.20
Ireland,2011,7.01,10.72,0.98,71.60,0.95,0.38,0.59,0.87,0.19
Ireland,2012,6.96,10.71,0.96,71.70,0.90,0.30,0.57,0.84,0.24
Ireland,2013,6.76,10.72,0.96,71.80,0.88,0.33,0.56,0.81,0.25
Ireland,2014,7.02,10.80,0.97,71.90,0.92,0.26,0.41,0.78,0.23
Ireland,2015,6.83,11.02,0.95,72.00,0.89,0.23,0.41,0.80,0.23
Ireland,2016,7.04,11.05,0.96,72.10,0.87,0.17,0.40,0.81,0.21
Ireland,2017,7.06,11.12,0.94,72.20,0.91,0.21,0.34,0.83,0.21
Ireland,2018,6.96,11.16,0.94,72.30,0.86,0.14,0.36,0.81,0.21
Israel,2007,6.84,10.27,0.87,71.44,0.68,0.22,0.87,0.70,0.32
Israel,2008,7.26,10.28,0.86,71.76,0.66,0.14,0.90,0.71,0.35
Israel,2009,7.35,10.27,0.94,72.08,0.59,0.17,0.92,0.70,0.33
Israel,2010,7.36,10.30,0.88,72.40,0.56,0.15,0.90,0.68,0.36
Israel,2011,7.43,10.33,0.89,72.46,0.72,0.14,0.89,0.74,0.38
Israel,2012,7.11,10.33,0.90,72.52,0.68,0.15,0.86,0.67,0.32
Israel,2013,7.32,10.35,0.91,72.58,0.74,0.15,0.85,0.70,0.41
Israel,2014,7.40,10.36,0.89,72.64,0.71,0.09,0.82,0.60,0.27
Israel,2015,7.08,10.37,0.86,72.70,0.75,0.11,0.79,0.70,0.26
Israel,2016,7.16,10.39,0.89,72.90,0.77,0.15,0.80,0.63,0.26
Israel,2017,7.33,10.41,0.92,73.10,0.77,0.14,0.79,0.67,0.28
Israel,2018,6.93,10.42,0.91,73.30,0.72,0.05,0.77,0.66,0.28
Italy,2007,6.57,10.56,0.91,72.26,0.68,0.11,0.92,0.72,0.30
Italy,2008,6.78,10.54,0.88,72.44,0.54,0.05,0.95,0.64,0.27
Italy,2009,6.33,10.48,0.88,72.62,0.70,0.24,0.89,0.78,0.28
Italy,2010,6.35,10.50,0.87,72.80,0.74,-0.06,0.92,0.60,0.24
Italy,2011,6.06,10.50,0.91,72.84,0.57,-0.02,0.93,0.66,0.27
Italy,2012,5.84,10.47,0.87,72.88,0.57,0.11,0.91,0.67,0.39
Italy,2013,6.01,10.44,0.92,72.92,0.50,-0.10,0.94,0.78,0.36
Italy,2014,6.03,10.43,0.90,72.96,0.62,-0.07,0.92,0.72,0.36
Italy,2015,5.85,10.44,0.91,73.00,0.57,-0.07,0.91,0.69,0.33
Italy,2016,5.95,10.45,0.93,73.20,0.62,-0.08,0.90,0.69,0.34
Italy,2017,6.20,10.47,0.92,73.40,0.63,-0.04,0.87,0.66,0.32
Italy,2018,6.52,10.48,0.91,73.60,0.65,-0.02,0.89,0.65,0.40
Ivory Coast,2009,4.20,7.90,0.67,45.78,0.76,-0.14,0.90,0.60,0.19
Ivory Coast,2013,3.74,7.97,0.71,47.10,0.74,-0.02,0.69,0.74,0.31
Ivory Coast,2014,3.57,8.02,0.71,47.40,0.78,-0.06,0.67,0.65,0.29
Ivory Coast,2015,4.45,8.08,0.70,47.70,0.80,-0.04,0.74,0.66,0.35
Ivory Coast,2016,4.54,8.14,0.62,48.30,0.77,-0.03,0.76,0.70,0.38
Ivory Coast,2017,5.04,8.19,0.66,48.90,0.73,-0.10,0.77,0.70,0.36
Ivory Coast,2018,5.27,8.24,0.62,49.50,0.71,-0.04,0.79,0.68,0.39
Jamaica,2006,6.21,9.06,0.91,64.90,0.74,0.00,0.95,0.79,0.20
Jamaica,2011,5.37,9.00,0.85,66.22,0.80,-0.06,0.91,0.84,0.24
Jamaica,2013,5.71,8.99,0.86,66.46,0.79,-0.02,0.93,0.73,0.31
Jamaica,2014,5.31,8.99,0.87,66.58,0.81,0.00,0.86,0.74,0.31
Jamaica,2017,5.89,9.01,0.91,67.10,0.86,-0.13,0.88,0.77,0.24
Japan,2007,6.24,10.51,0.94,73.44,0.80,-0.10,0.81,0.73,0.21
Japan,2008,5.91,10.50,0.89,73.56,0.77,-0.15,0.82,0.78,0.19
Japan,2009,5.84,10.44,0.89,73.68,0.73,-0.22,0.74,0.78,0.17
Japan,2010,6.06,10.48,0.90,73.80,0.77,-0.15,0.77,0.83,0.19
Japan,2011,6.26,10.48,0.92,73.98,0.81,-0.06,0.73,0.78,0.18
Japan,2013,5.96,10.52,0.92,74.34,0.82,-0.16,0.65,0.79,0.17
Japan,2014,5.92,10.53,0.90,74.52,0.84,-0.15,0.62,0.74,0.19
Japan,2015,5.88,10.54,0.92,74.70,0.83,-0.17,0.65,0.77,0.18
Japan,2016,5.95,10.55,0.90,74.80,0.84,-0.07,0.70,0.76,0.19
Japan,2017,5.91,10.57,0.88,74.90,0.85,-0.22,0.66,0.74,0.18
Japan,2018,5.79,10.58,0.89,75.00,0.77,-0.27,0.69,0.70,0.19
Jordan,2007,5.60,9.16,0.84,63.98,0.65,-0.11,0.66,0.68,0.24
Jordan,2009,6.00,9.18,0.90,64.46,0.77,-0.07,0.74,0.64,0.26
Kazakhstan,2006,5.48,9.77,0.87,58.20,0.73,-0.28,0.86,0.67,0.19
Kazakhstan,2007,5.72,9.85,0.86,58.70,0.81,-0.26,0.87,0.65,0.18
Kazakhstan,2008,5.89,9.87,0.84,59.20,0.73,-0.23,0.90,0.68,0.16
Kazakhstan,2009,5.38,9.85,0.89,59.70,0.86,-0.26,0.84,0.68,0.13
Kazakhstan,2010,5.51,9.91,0.90,60.20,0.78,-0.23,0.82,0.69,0.15
Kazakhstan,2011,5.74,9.97,0.90,60.72,0.88,-0.25,0.80,0.70,0.15
Kazakhstan,2012,5.76,10.00,0.89,61.24,0.84,-0.18,0.88,0.74,0.18
Kazakhstan,2013,5.84,10.04,0.89,61.76,0.78,-0.24,0.82,0.67,0.16
Kazakhstan,2014,5.97,10.07,0.80,62.28,0.80,-0.01,0.81,0.72,0.17
Kazakhstan,2015,5.95,10.07,0.93,62.80,0.74,-0.05,0.71,0.73,0.17
Kazakhstan,2016,5.53,10.06,0.93,63.40,0.78,-0.05,0.70,0.70,0.16
Kazakhstan,2017,5.88,10.09,0.91,64.00,0.75,-0.05,0.76,0.76,0.17
Kazakhstan,2018,6.01,10.11,0.94,64.60,0.84,-0.11,0.82,0.69,0.16
Kenya,2006,4.22,7.74,0.91,50.22,0.62,0.00,0.86,0.71,0.20
Kenya,2007,4.58,7.78,0.84,51.54,0.75,0.07,0.80,0.73,0.16
Kenya,2008,4.02,7.76,0.83,52.86,0.62,0.00,0.91,0.77,0.15
Kenya,2009,4.27,7.76,0.79,54.18,0.58,0.11,0.91,0.77,0.18
Kenya,2010,4.26,7.81,0.81,55.50,0.64,0.03,0.92,0.82,0.12
Kenya,2011,4.41,7.85,0.85,56.06,0.71,0.04,0.92,0.76,0.23
Kenya,2012,4.55,7.86,0.83,56.62,0.63,0.08,0.91,0.71,0.19
Kenya,2013,3.80,7.89,0.82,57.18,0.71,0.23,0.86,0.77,0.16
Kenya,2014,4.90,7.92,0.77,57.74,0.82,0.19,0.85,0.81,0.22
Kenya,2015,4.36,7.95,0.78,58.30,0.79,0.24,0.85,0.70,0.17
Kenya,2016,4.40,7.98,0.71,58.90,0.75,0.31,0.83,0.74,0.23
Kenya,2017,4.48,8.00,0.71,59.50,0.85,0.25,0.85,0.79,0.23
Kenya,2018,4.66,8.03,0.71,60.10,0.82,0.31,0.84,0.76,0.24
Kosovo,2007,5.10,8.91,0.85,62.40,0.38,0.14,0.89,0.65,0.24
Kosovo,2009,5.89,8.95,0.83,62.81,0.51,0.19,0.97,0.60,0.17
Kosovo,2010,5.18,8.98,0.71,63.03,0.45,0.16,0.97,0.70,0.12
Kosovo,2011,4.86,9.01,0.76,63.26,0.59,0.00,0.92,0.70,0.12
Kosovo,2012,5.64,9.03,0.76,63.57,0.64,0.02,0.95,0.60,0.10
Kosovo,2013,6.13,9.06,0.72,63.84,0.57,0.11,0.94,0.69,0.20
Kosovo,2014,5.00,9.07,0.71,64.11,0.44,0.01,0.78,0.64,0.21
Kosovo,2015,5.08,9.12,0.81,64.34,0.56,0.17,0.85,0.75,0.18
Kosovo,2016,5.76,9.15,0.82,64.61,0.83,0.12,0.94,0.70,0.15
Kosovo,2017,6.15,9.19,0.79,64.88,0.86,0.11,0.93,0.74,0.19
Kuwait,2006,6.08,11.47,0.92,63.96,0.77,-0.27,0.33,0.85,0.18
Kuwait,2009,6.59,11.31,0.93,64.44,0.82,-0.03,0.68,0.72,0.25
Kuwait,2010,6.80,11.23,0.89,64.60,0.70,-0.07,0.49,0.72,0.20
Kyrgyzstan,2006,4.64,7.79,0.84,59.98,0.68,-0.12,0.88,0.65,0.16
Kyrgyzstan,2007,4.70,7.86,0.83,60.26,0.68,-0.07,0.93,0.66,0.13
Kyrgyzstan,2008,4.74,7.93,0.79,60.54,0.72,-0.08,0.92,0.62,0.15
Kyrgyzstan,2009,5.07,7.95,0.85,60.82,0.70,-0.12,0.90,0.61,0.16
Kyrgyzstan,2010,5.00,7.93,0.89,61.10,0.72,-0.05,0.93,0.65,0.12
Kyrgyzstan,2011,4.92,7.98,0.89,61.52,0.75,-0.13,0.93,0.68,0.15
Kyrgyzstan,2012,5.21,7.96,0.86,61.94,0.70,-0.06,0.89,0.69,0.18
Kyrgyzstan,2013,5.40,8.05,0.85,62.36,0.76,-0.06,0.90,0.72,0.13
Kyrgyzstan,2014,5.25,8.07,0.90,62.78,0.74,0.38,0.90,0.73,0.19
Kyrgyzstan,2015,4.91,8.08,0.86,63.20,0.81,0.22,0.86,0.77,0.17
Kyrgyzstan,2016,4.86,8.10,0.91,63.50,0.81,0.08,0.92,0.78,0.13
Kyrgyzstan,2017,5.63,8.13,0.88,63.80,0.86,0.16,0.87,0.76,0.16
Kyrgyzstan,2018,5.30,8.15,0.90,64.10,0.94,0.29,0.91,0.76,0.20
Laos,2006,5.08,8.11,0.81,53.92,0.93,0.44,0.69,0.89,0.16
Laos,2007,5.36,8.17,0.79,54.44,0.87,0.48,0.58,0.86,0.14
Laos,2008,5.04,8.22,0.81,54.96,0.89,0.42,0.64,0.83,0.20
Laos,2011,4.70,8.41,0.69,56.30,0.88,0.46,0.59,0.90,0.23
Laos,2017,4.62,8.76,0.71,58.30,0.89,0.07,0.59,0.87,0.34
Laos,2018,4.86,8.81,0.70,58.70,0.91,0.14,0.63,0.85,0.33
Latvia,2006,4.71,9.89,0.88,63.16,0.64,-0.23,0.94,0.65,0.23
Latvia,2007,4.67,10.00,0.84,63.52,0.70,-0.17,0.92,0.67,0.25
Latvia,2008,5.15,9.97,0.86,63.88,0.63,-0.21,0.93,0.64,0.21
Latvia,2009,4.67,9.83,0.81,64.24,0.44,-0.18,0.94,0.53,0.24
Latvia,2011,4.97,9.89,0.84,64.86,0.56,-0.01,0.93,0.56,0.22
Latvia,2012,5.13,9.94,0.85,65.12,0.56,-0.04,0.89,0.56,0.23
Latvia,2013,5.07,9.98,0.83,65.38,0.63,-0.08,0.84,0.64,0.23
Latvia,2014,5.73,10.01,0.88,65.64,0.67,-0.05,0.80,0.65,0.23
Latvia,2015,5.88,10.04,0.88,65.90,0.66,-0.08,0.81,0.61,0.23
Latvia,2016,5.94,10.08,0.92,66.20,0.69,-0.16,0.87,0.65,0.23
Latvia,2017,5.98,10.13,0.90,66.50,0.70,-0.16,0.80,0.62,0.23
Latvia,2018,5.90,10.18,0.91,66.80,0.61,-0.22,0.80,0.59,0.19
Lebanon,2006,4.65,9.41,0.85,64.72,0.67,0.07,0.90,0.55,0.32
Lebanon,2008,4.59,9.59,0.72,64.96,0.52,0.03,0.93,0.53,0.37
Lebanon,2009,5.21,9.67,0.74,65.08,0.66,0.07,0.94,0.53,0.40
Lebanon,2010,5.03,9.71,0.72,65.20,0.68,0.07,0.95,0.53,0.34
Lebanon,2011,5.19,9.66,0.73,65.28,0.66,0.01,0.91,0.58,0.32
Lebanon,2012,4.57,9.62,0.71,65.36,0.62,0.00,0.86,0.50,0.34
Lebanon,2013,4.98,9.58,0.71,65.44,0.65,0.00,0.92,0.50,0.41
Lebanon,2014,5.23,9.53,0.76,65.52,0.66,-0.01,0.94,0.56,0.27
Lebanon,2015,5.17,9.50,0.74,65.60,0.60,0.08,0.89,0.57,0.24
Lebanon,2016,5.27,9.49,0.83,66.10,0.66,0.03,0.85,0.55,0.26
Lebanon,2017,5.15,9.50,0.78,66.60,0.60,-0.07,0.91,0.52,0.24
Lebanon,2018,5.17,9.51,0.83,67.10,0.61,-0.07,0.91,0.46,0.27
Lesotho,2011,4.90,7.82,0.82,45.74,0.62,-0.10,0.77,0.79,0.17
Lesotho,2016,3.81,7.91,0.80,46.60,0.73,-0.10,0.74,0.73,0.27
Lesotho,2017,3.80,7.96,0.77,47.30,0.76,-0.15,0.80,0.75,0.26
Liberia,2007,3.70,6.49,0.59,49.14,0.79,0.16,0.78,0.61,0.44
Liberia,2008,4.22,6.51,0.62,49.96,0.72,0.01,0.84,0.59,0.26
Liberia,2010,4.20,6.55,0.83,51.60,0.82,0.01,0.82,0.60,0.22
Liberia,2014,4.57,6.69,0.71,53.28,0.59,0.02,0.87,0.54,0.44
Liberia,2015,2.70,6.67,0.64,53.70,0.67,-0.01,0.90,0.51,0.39
Liberia,2016,3.35,6.62,0.64,54.50,0.76,0.08,0.90,0.64,0.51
Liberia,2017,4.42,6.62,0.68,55.30,0.73,0.04,0.87,0.67,0.39
Liberia,2018,4.13,6.63,0.73,56.10,0.77,0.10,0.87,0.66,0.44
Libya,2012,5.75,10.12,0.85,62.66,0.71,-0.07,0.79,0.69,0.32
Libya,2017,5.65,9.79,0.82,62.30,0.78,-0.05,0.67,0.70,0.38
Lithuania,2006,5.95,9.91,0.93,63.14,0.57,-0.30,0.97,0.62,0.25
Lithuania,2007,5.81,10.03,0.94,63.48,0.59,-0.29,0.97,0.59,0.28
Lithuania,2008,5.55,10.07,0.91,63.82,0.62,-0.26,0.96,0.53,0.28
Lithuania,2009,5.47,9.92,0.93,64.16,0.50,-0.31,0.98,0.53,0.27
Lithuania,2010,5.07,9.96,0.88,64.50,0.52,-0.28,0.96,0.47,0.27
Lithuania,2011,5.43,10.04,0.91,64.70,0.57,-0.15,0.96,0.57,0.27
Lithuania,2012,5.77,10.09,0.92,64.90,0.50,-0.28,0.96,0.58,0.28
Lithuania,2013,5.60,10.13,0.91,65.10,0.56,-0.24,0.94,0.58,0.29
Lithuania,2014,6.13,10.18,0.91,65.30,0.51,-0.27,0.96,0.62,0.29
Lithuania,2015,5.71,10.21,0.93,65.50,0.64,-0.26,0.92,0.59,0.28
Lithuania,2016,5.87,10.24,0.94,66.10,0.61,-0.27,0.95,0.59,0.25
Lithuania,2017,6.27,10.29,0.93,66.70,0.75,-0.18,0.79,0.61,0.20
Lithuania,2018,6.31,10.34,0.93,67.30,0.70,-0.24,0.85,0.52,0.21
Luxembourg,2009,6.96,11.40,0.94,71.44,0.94,0.12,0.43,0.80,0.24
Luxembourg,2010,7.10,11.43,0.95,71.70,0.91,0.09,0.42,0.81,0.22
Luxembourg,2011,7.10,11.43,0.93,71.88,0.96,0.10,0.39,0.84,0.20
Luxembourg,2012,6.96,11.40,0.91,72.06,0.92,0.05,0.40,0.82,0.23
Luxembourg,2013,7.13,11.41,0.92,72.24,0.79,-0.06,0.30,0.64,0.18
Luxembourg,2014,6.89,11.45,0.88,72.42,0.94,0.10,0.37,0.80,0.17
Luxembourg,2015,6.70,11.45,0.93,72.60,0.93,0.05,0.38,0.76,0.19
Luxembourg,2016,6.97,11.46,0.94,72.60,0.88,0.01,0.36,0.76,0.19
Luxembourg,2017,7.06,11.45,0.91,72.60,0.90,0.04,0.33,0.77,0.18
Luxembourg,2018,7.24,11.45,0.90,72.60,0.88,-0.03,0.39,0.75,0.20
Macedonia,2007,4.49,9.26,0.81,66.14,0.44,0.08,0.87,0.60,0.25
Macedonia,2009,4.43,9.31,0.73,66.38,0.55,-0.04,0.84,0.58,0.37
Macedonia,2010,4.18,9.34,0.69,66.50,0.51,-0.06,0.86,0.57,0.31
Macedonia,2011,4.90,9.36,0.78,66.58,0.61,-0.09,0.87,0.59,0.36
Macedonia,2012,4.64,9.35,0.80,66.66,0.61,-0.08,0.92,0.64,0.42
Macedonia,2013,5.19,9.38,0.83,66.74,0.64,0.02,0.86,0.58,0.33
Macedonia,2014,5.20,9.42,0.79,66.82,0.64,0.03,0.86,0.64,0.31
Macedonia,2015,4.98,9.45,0.77,66.90,0.66,-0.05,0.82,0.62,0.30
Macedonia,2016,5.35,9.48,0.87,67.10,0.71,0.08,0.87,0.64,0.29
Macedonia,2017,5.23,9.48,0.80,67.30,0.75,-0.06,0.86,0.50,0.30
Macedonia,2018,5.24,9.50,0.85,67.50,0.74,-0.04,0.91,0.59,0.30
Madagascar,2008,4.64,7.33,0.78,54.92,0.33,-0.10,0.77,0.61,0.21
Madagascar,2011,4.38,7.22,0.82,56.22,0.55,-0.06,0.90,0.51,0.23
Madagascar,2012,3.55,7.22,0.67,56.64,0.49,-0.05,0.85,0.69,0.19
Madagascar,2013,3.82,7.22,0.67,57.06,0.48,-0.01,0.87,0.73,0.24
Madagascar,2014,3.68,7.22,0.66,57.48,0.53,-0.02,0.79,0.75,0.19
Madagascar,2015,3.59,7.23,0.65,57.90,0.54,-0.04,0.86,0.80,0.23
Madagascar,2016,3.66,7.24,0.75,58.30,0.57,-0.07,0.86,0.81,0.20
Madagascar,2017,4.08,7.26,0.63,58.70,0.57,-0.03,0.85,0.75,0.37
Madagascar,2018,4.07,7.28,0.67,59.10,0.55,0.01,0.89,0.75,0.36
Malawi,2006,3.83,6.75,0.55,44.88,0.77,0.19,0.68,0.67,0.22
Malawi,2007,4.89,6.81,0.60,46.26,0.91,0.19,0.69,0.73,0.18
Malawi,2009,5.15,6.90,0.72,49.02,0.88,0.17,0.69,0.77,0.13
Malawi,2011,3.95,6.96,0.61,51.42,0.73,0.09,0.85,0.71,0.27
Malawi,2012,4.28,6.95,0.60,52.44,0.64,0.16,0.89,0.82,0.20
Malawi,2013,4.04,6.97,0.56,53.46,0.75,0.07,0.86,0.81,0.25
Malawi,2014,4.56,6.99,0.51,54.48,0.79,0.05,0.82,0.70,0.26
Malawi,2015,3.87,6.99,0.49,55.50,0.80,0.05,0.83,0.63,0.26
Malawi,2016,3.48,6.99,0.52,56.20,0.81,0.06,0.82,0.60,0.32
Malawi,2017,3.42,7.00,0.56,56.90,0.85,0.02,0.73,0.61,0.31
Malawi,2018,3.33,7.01,0.53,57.60,0.80,0.07,0.77,0.59,0.36
Malaysia,2006,6.01,9.87,0.87,64.96,0.84,0.19,0.74,0.75,0.24
Malaysia,2007,6.24,9.91,0.87,65.12,0.84,0.07,0.80,0.78,0.16
Malaysia,2008,5.81,9.94,0.80,65.28,0.78,0.03,0.88,0.82,0.19
Malaysia,2009,5.38,9.90,0.79,65.44,0.87,-0.02,0.86,0.82,0.16
Malaysia,2010,5.58,9.96,0.84,65.60,0.77,0.02,0.84,0.83,0.19
Malaysia,2011,5.79,9.99,0.77,65.76,0.84,-0.03,0.84,0.89,0.15
Malaysia,2012,5.91,10.03,0.84,65.92,0.85,0.00,0.85,0.87,0.18
Malaysia,2013,5.77,10.05,0.83,66.08,0.79,0.25,0.76,0.74,0.32
Malaysia,2014,5.96,10.09,0.86,66.24,0.81,0.23,0.84,0.77,0.26
Malaysia,2015,6.32,10.13,0.82,66.40,0.67,0.21,0.84,0.77,0.31
Malaysia,2018,5.34,10.24,0.79,67.00,0.87,0.11,0.89,0.82,0.20
Mali,2006,4.01,7.49,0.76,45.92,0.56,-0.07,0.76,0.77,0.21
Mali,2008,4.11,7.50,0.75,47.16,0.49,-0.01,0.92,0.68,0.16
Mali,2009,3.98,7.51,0.73,47.78,0.63,0.01,0.82,0.76,0.15
Mali,2010,3.76,7.53,0.75,48.40,0.75,-0.03,0.81,0.80,0.16
Mali,2011,4.67,7.54,0.80,48.76,0.82,-0.10,0.73,0.76,0.13
Mali,2012,4.31,7.50,0.82,49.12,0.70,-0.09,0.79,0.68,0.11
Mali,2013,3.68,7.49,0.82,49.48,0.66,-0.05,0.75,0.72,0.19
Mali,2014,3.97,7.53,0.84,49.84,0.65,-0.04,0.66,0.74,0.19
Mali,2015,4.58,7.56,0.83,50.20,0.63,-0.07,0.80,0.71,0.24
Mali,2016,4.02,7.59,0.84,50.70,0.70,-0.07,0.86,0.81,0.31
Mali,2017,4.74,7.61,0.74,51.20,0.75,-0.07,0.86,0.74,0.39
Mali,2018,4.42,7.63,0.69,51.70,0.74,-0.03,0.79,0.77,0.37
Malta,2014,6.45,10.37,0.94,72.08,0.90,0.40,0.67,0.65,0.35
Malta,2015,6.61,10.44,0.92,72.20,0.91,0.34,0.66,0.68,0.36
Malta,2016,6.59,10.46,0.93,72.20,0.92,0.34,0.70,0.69,0.36
Malta,2017,6.68,10.51,0.94,72.20,0.92,0.25,0.69,0.72,0.30
Mauritania,2007,4.15,8.15,0.68,53.66,0.57,-0.05,0.59,0.73,0.17
Mauritania,2008,4.25,8.13,0.67,53.94,0.59,0.00,0.84,0.73,0.18
Mauritania,2009,4.50,8.09,0.82,54.22,0.74,0.06,0.85,0.74,0.17
Mauritania,2010,4.77,8.11,0.86,54.50,0.67,0.07,0.73,0.78,0.13
Mauritania,2011,4.78,8.12,0.75,54.82,0.57,0.07,0.75,0.76,0.17
Mauritania,2012,4.67,8.15,0.76,55.14,0.49,0.00,0.71,0.78,0.16
Mauritania,2013,4.20,8.18,0.74,55.46,0.60,-0.06,0.68,0.79,0.20
Mauritania,2014,4.48,8.20,0.85,55.78,0.47,-0.04,0.59,0.75,0.16
Mauritania,2015,3.92,8.19,0.87,56.10,0.45,0.07,0.72,0.82,0.19
Mauritania,2016,4.47,8.18,0.78,56.40,0.47,-0.16,0.84,0.73,0.22
Mauritania,2017,4.68,8.19,0.78,56.70,0.53,-0.14,0.78,0.64,0.27
Mauritania,2018,4.31,8.20,0.80,57.00,0.47,-0.10,0.71,0.66,0.28
Mauritius,2011,5.48,9.71,0.80,64.70,0.85,0.18,0.85,0.74,0.25
Mauritius,2014,5.65,9.81,0.78,65.30,0.82,0.17,0.88,0.81,0.22
Mauritius,2016,5.61,9.88,0.84,65.80,0.82,0.13,0.89,0.78,0.25
Mauritius,2017,6.17,9.92,0.91,66.10,0.91,0.08,0.82,0.75,0.17
Mauritius,2018,5.88,9.96,0.91,66.40,0.87,-0.08,0.79,0.77,0.16
Mexico,2007,6.53,9.70,0.88,66.32,0.67,-0.10,0.75,0.82,0.25
Mexico,2008,6.83,9.70,0.88,66.38,0.68,-0.13,0.78,0.83,0.20
Mexico,2009,6.96,9.63,0.87,66.44,0.68,-0.08,0.76,0.85,0.20
Mexico,2010,6.80,9.66,0.88,66.50,0.78,-0.05,0.69,0.84,0.22
Mexico,2011,6.91,9.68,0.82,66.68,0.83,-0.10,0.70,0.79,0.23
Mexico,2012,7.32,9.70,0.77,66.86,0.79,-0.10,0.63,0.78,0.28
Mexico,2013,7.44,9.70,0.76,67.04,0.74,-0.17,0.61,0.79,0.22
Mexico,2014,6.68,9.72,0.78,67.22,0.78,-0.10,0.63,0.80,0.23
Mexico,2015,6.24,9.74,0.76,67.40,0.72,-0.15,0.71,0.74,0.24
Mexico,2016,6.82,9.75,0.89,67.70,0.75,-0.16,0.81,0.86,0.22
Mexico,2017,6.41,9.76,0.80,68.00,0.86,-0.20,0.80,0.84,0.23
Mexico,2018,6.55,9.77,0.86,68.30,0.82,-0.18,0.81,0.88,0.21
Moldova,2006,5.10,8.15,0.81,60.58,0.55,-0.12,0.93,0.62,0.25
Moldova,2007,4.77,8.19,0.80,60.76,0.70,-0.14,0.93,0.57,0.31
Moldova,2008,5.50,8.26,0.87,60.94,0.64,-0.01,0.93,0.58,0.28
Moldova,2009,5.55,8.20,0.86,61.12,0.55,-0.05,0.93,0.56,0.31
Moldova,2010,5.59,8.27,0.85,61.30,0.60,-0.04,0.93,0.58,0.28
Moldova,2011,5.79,8.34,0.87,61.62,0.63,-0.03,0.96,0.57,0.28
Moldova,2012,6.00,8.33,0.83,61.94,0.60,0.00,0.96,0.57,0.31
Moldova,2013,5.76,8.42,0.80,62.26,0.66,-0.02,0.94,0.58,0.26
Moldova,2014,5.92,8.47,0.80,62.58,0.62,-0.07,0.92,0.58,0.26
Moldova,2015,6.02,8.47,0.84,62.90,0.60,-0.04,0.94,0.59,0.28
Moldova,2016,5.58,8.51,0.84,63.60,0.56,0.00,0.97,0.62,0.27
Moldova,2017,5.33,8.55,0.83,64.30,0.55,0.00,0.93,0.58,0.26
Moldova,2018,5.68,8.59,0.89,65.00,0.82,-0.03,0.93,0.58,0.27
Mongolia,2007,4.61,8.86,0.88,58.82,0.78,0.05,0.92,0.57,0.20
Mongolia,2008,4.49,8.93,0.92,59.28,0.48,0.06,0.96,0.59,0.17
Mongolia,2010,4.59,8.95,0.90,60.20,0.63,0.09,0.93,0.71,0.15
Mongolia,2011,5.03,9.09,0.95,60.50,0.70,0.14,0.93,0.69,0.15
Mongolia,2012,4.89,9.19,0.92,60.80,0.69,0.09,0.93,0.69,0.18
Mongolia,2013,4.91,9.28,0.93,61.10,0.75,0.12,0.93,0.65,0.18
Mongolia,2014,4.82,9.34,0.94,61.40,0.75,0.13,0.91,0.63,0.17
Mongolia,2015,4.98,9.34,0.91,61.70,0.69,0.16,0.90,0.65,0.21
Mongolia,2016,5.06,9.34,0.95,61.90,0.76,0.08,0.90,0.69,0.17
Mongolia,2017,5.33,9.38,0.92,62.10,0.67,0.10,0.86,0.68,0.21
Mongolia,2018,5.46,9.42,0.94,62.30,0.70,0.04,0.85,0.65,0.19
Montenegro,2007,5.20,9.52,0.83,66.20,0.51,-0.13,0.81,0.58,0.34
Montenegro,2009,4.80,9.52,0.82,66.80,0.56,-0.10,0.84,0.62,0.42
Montenegro,2010,5.46,9.55,0.80,67.10,0.55,-0.21,0.76,0.59,0.41
Montenegro,2011,5.22,9.58,0.82,67.26,0.55,-0.23,0.76,0.60,0.38
Montenegro,2012,5.22,9.55,0.70,67.42,0.46,-0.19,0.76,0.57,0.38
Montenegro,2013,5.07,9.59,0.74,67.58,0.50,-0.17,0.69,0.54,0.33
Montenegro,2014,5.28,9.60,0.86,67.74,0.50,0.10,0.77,0.59,0.37
Montenegro,2015,5.12,9.63,0.74,67.90,0.58,-0.14,0.78,0.58,0.34
Montenegro,2016,5.30,9.66,0.87,68.10,0.57,-0.09,0.85,0.59,0.34
Montenegro,2017,5.61,9.71,0.88,68.30,0.63,-0.08,0.76,0.52,0.35
Montenegro,2018,5.65,9.73,0.86,68.50,0.63,-0.05,0.77,0.59,0.35
Morocco,2011,5.08,8.81,0.83,63.80,0.58,-0.23,0.88,0.74,0.19
Morocco,2012,4.97,8.82,0.68,64.10,0.76,-0.20,0.84,0.69,0.28
Morocco,2013,5.14,8.85,0.60,64.40,0.57,-0.22,0.77,0.78,0.24
Morocco,2015,5.16,8.90,0.61,65.00,0.71,-0.24,0.84,0.66,0.26
Morocco,2016,5.39,8.89,0.66,65.30,0.82,-0.25,0.72,0.71,0.21
Morocco,2017,5.31,8.92,0.64,65.60,0.81,-0.23,0.84,0.56,0.32
Morocco,2018,4.90,8.94,0.55,65.90,0.77,-0.25,0.84,0.64,0.42
Mozambique,2006,4.59,6.67,0.88,44.80,0.68,0.05,0.76,0.62,0.33
Mozambique,2007,4.83,6.72,0.75,45.50,0.64,0.08,0.85,0.63,0.24
Mozambique,2008,4.65,6.75,0.76,46.20,0.51,0.01,0.86,0.62,0.28
Mozambique,2011,4.97,6.86,0.82,48.32,0.64,-0.02,0.72,0.59,0.24
Mozambique,2015,4.55,7.02,0.67,51.20,0.81,0.09,0.63,0.56,0.34
Mozambique,2017,4.28,7.04,0.68,53.20,0.82,-0.02,0.68,0.65,0.35
Mozambique,2018,4.65,7.04,0.74,54.20,0.90,0.05,0.69,0.64,0.40
Myanmar,2012,4.44,8.33,0.61,57.02,0.69,0.62,0.69,0.76,0.21
Myanmar,2013,4.18,8.40,0.76,57.38,0.78,0.67,0.64,0.80,0.22
Myanmar,2015,4.22,8.53,0.75,58.10,0.81,0.67,0.63,0.87,0.27
Myanmar,2016,4.62,8.58,0.79,58.40,0.88,0.66,0.61,0.80,0.30
Myanmar,2017,4.15,8.63,0.80,58.70,0.89,0.63,0.62,0.75,0.28
Myanmar,2018,4.41,8.69,0.77,59.00,0.91,0.47,0.65,0.78,0.30
Namibia,2007,4.89,9.00,0.83,49.68,0.78,-0.11,0.84,0.81,0.16
Namibia,2014,4.57,9.17,0.76,55.16,0.85,-0.19,0.79,0.75,0.24
Namibia,2017,4.44,9.16,0.83,56.20,0.81,-0.20,0.83,0.72,0.28
Namibia,2018,4.83,9.16,0.86,56.50,0.75,-0.18,0.85,0.74,0.24
Nepal,2007,4.75,7.47,0.79,57.70,0.41,0.32,0.89,0.64,0.15
Nepal,2008,4.44,7.52,0.82,58.20,0.62,0.30,0.90,0.74,0.15
Nepal,2009,4.92,7.56,0.81,58.70,0.62,0.05,0.95,0.57,0.22
Nepal,2010,4.35,7.59,0.78,59.20,0.52,0.10,0.91,0.67,0.23
Nepal,2011,3.81,7.62,0.74,59.40,0.52,0.00,0.93,0.70,0.21
Nepal,2012,4.23,7.65,0.73,59.60,0.64,0.08,0.88,0.74,0.23
Nepal,2013,4.60,7.68,0.74,59.80,0.72,0.16,0.88,0.63,0.28
Nepal,2014,4.98,7.73,0.79,60.00,0.71,0.13,0.84,0.61,0.29
Nepal,2015,4.81,7.75,0.75,60.20,0.76,0.24,0.82,0.54,0.36
Nepal,2016,5.10,7.74,0.84,61.30,0.84,0.18,0.82,0.63,0.37
Nepal,2017,4.74,7.80,0.82,62.40,0.85,0.14,0.77,0.57,0.38
Nepal,2018,4.91,7.85,0.77,63.50,0.77,0.13,0.74,0.54,0.39
Netherlands,2007,7.45,10.75,0.94,70.80,0.90,0.34,0.45,0.82,0.21
Netherlands,2008,7.63,10.76,0.94,71.00,0.88,0.36,0.42,0.79,0.18
Netherlands,2010,7.50,10.73,0.96,71.40,0.92,0.34,0.40,0.85,0.21
Netherlands,2011,7.56,10.74,0.94,71.52,0.93,0.33,0.36,0.86,0.18
Netherlands,2012,7.47,10.72,0.94,71.64,0.88,0.28,0.43,0.86,0.23
Netherlands,2013,7.41,10.72,0.92,71.76,0.92,0.30,0.50,0.87,0.24
Netherlands,2014,7.32,10.73,0.91,71.88,0.91,0.33,0.46,0.87,0.22
Netherlands,2015,7.32,10.75,0.88,72.00,0.90,0.26,0.41,0.83,0.20
Netherlands,2016,7.54,10.76,0.93,72.10,0.91,0.23,0.43,0.84,0.21
Netherlands,2017,7.46,10.79,0.94,72.20,0.92,0.24,0.36,0.85,0.18
Netherlands,2018,7.46,10.81,0.94,72.30,0.92,0.16,0.37,0.86,0.20
New Zealand,2006,7.31,10.37,0.95,71.20,0.93,0.31,0.22,0.88,0.22
New Zealand,2007,7.60,10.39,0.97,71.40,0.88,0.28,0.29,0.85,0.24
New Zealand,2008,7.38,10.37,0.94,71.60,0.89,0.29,0.33,0.85,0.23
New Zealand,2010,7.22,10.38,0.98,72.00,0.92,0.25,0.32,0.85,0.23
New Zealand,2011,7.19,10.40,0.95,72.12,0.93,0.28,0.27,0.86,0.21
New Zealand,2012,7.25,10.42,0.93,72.24,0.90,0.28,0.29,0.87,0.21
New Zealand,2013,7.28,10.43,0.96,72.36,0.94,0.23,0.31,0.83,0.15
New Zealand,2014,7.31,10.45,0.94,72.48,0.93,0.34,0.27,0.85,0.20
New Zealand,2015,7.42,10.47,0.99,72.60,0.94,0.32,0.19,0.83,0.16
New Zealand,2016,7.23,10.49,0.94,72.80,0.93,0.26,0.28,0.83,0.21
New Zealand,2017,7.33,10.49,0.95,73.00,0.94,0.29,0.22,0.82,0.17
New Zealand,2018,7.37,10.50,0.95,73.20,0.95,0.12,0.21,0.85,0.17
Nicaragua,2006,4.46,8.26,0.88,64.14,0.75,0.01,0.84,0.78,0.29
Nicaragua,2007,4.94,8.30,0.87,64.48,0.84,0.14,0.83,0.81,0.29
Nicaragua,2008,5.10,8.32,0.86,64.82,0.79,0.08,0.82,0.78,0.29
Nicaragua,2009,5.35,8.27,0.83,65.16,0.75,0.07,0.79,0.78,0.30
Nicaragua,2010,5.69,8.30,0.86,65.50,0.79,0.02,0.80,0.81,0.27
Nicaragua,2011,5.39,8.35,0.80,65.72,0.78,-0.02,0.76,0.79,0.31
Nicaragua,2012,5.45,8.40,0.89,65.94,0.85,0.02,0.64,0.80,0.25
Nicaragua,2013,5.77,8.44,0.87,66.16,0.86,0.04,0.64,0.84,0.27
Nicaragua,2014,6.28,8.47,0.84,66.38,0.82,0.11,0.70,0.81,0.33
Nicaragua,2015,5.92,8.51,0.83,66.60,0.81,0.08,0.73,0.80,0.35
Nicaragua,2016,6.01,8.54,0.85,66.90,0.72,0.04,0.73,0.81,0.38
Nicaragua,2017,6.48,8.58,0.84,67.20,0.92,0.01,0.67,0.85,0.31
Nicaragua,2018,5.82,8.61,0.85,67.50,0.80,0.00,0.71,0.79,0.41
Niger,2006,3.74,6.66,0.68,46.36,0.75,0.09,0.75,0.76,0.18
Niger,2007,4.28,6.65,0.73,47.12,0.58,-0.04,0.75,0.71,0.16
Niger,2008,4.24,6.70,0.61,47.88,0.65,-0.04,0.75,0.65,0.19
Niger,2009,4.27,6.66,0.77,48.64,0.88,0.01,0.48,0.73,0.12
Niger,2010,4.10,6.70,0.65,49.40,0.82,-0.01,0.53,0.75,0.13
Niger,2011,4.56,6.69,0.82,49.92,0.78,-0.04,0.55,0.70,0.17
Niger,2012,3.80,6.76,0.70,50.44,0.73,-0.05,0.78,0.60,0.14
Niger,2013,3.72,6.77,0.70,50.96,0.83,-0.06,0.71,0.65,0.21
Niger,2014,4.18,6.81,0.75,51.48,0.69,-0.03,0.60,0.68,0.20
Niger,2015,3.67,6.81,0.71,52.00,0.73,-0.02,0.70,0.68,0.22
Niger,2016,4.23,6.82,0.68,52.50,0.70,0.00,0.81,0.67,0.33
Niger,2017,4.62,6.83,0.58,53.00,0.68,-0.02,0.78,0.73,0.43
Niger,2018,5.16,6.84,0.61,53.50,0.79,0.02,0.64,0.77,0.50
Nigeria,2006,4.71,8.38,0.74,44.12,0.65,0.07,0.87,0.78,0.18
Nigeria,2007,4.89,8.42,0.72,44.64,0.64,0.12,0.92,0.83,0.14
Nigeria,2008,4.94,8.46,0.78,45.16,0.58,0.11,0.89,0.74,0.24
Nigeria,2009,4.98,8.50,0.72,45.68,0.54,0.06,0.91,0.74,0.23
Nigeria,2010,4.76,8.55,0.82,46.20,0.57,0.06,0.91,0.78,0.19
Nigeria,2012,5.49,8.58,0.82,47.12,0.65,0.05,0.90,0.81,0.21
Nigeria,2013,4.82,8.61,0.66,47.58,0.62,0.04,0.91,0.64,0.29
Nigeria,2015,4.93,8.64,0.81,48.50,0.68,-0.05,0.93,0.72,0.25
Nigeria,2016,5.22,8.60,0.80,48.90,0.80,0.03,0.90,0.73,0.25
Nigeria,2017,5.32,8.58,0.73,49.30,0.83,0.11,0.83,0.72,0.24
Nigeria,2018,5.25,8.58,0.74,49.70,0.79,-0.02,0.87,0.81,0.26
Norway,2006,7.42,11.06,0.96,71.32,0.96,0.09,0.40,0.83,0.20
Norway,2008,7.63,11.08,0.94,71.56,0.95,0.00,0.50,0.79,0.16
Norway,2012,7.68,11.05,0.95,72.24,0.95,0.13,0.37,0.82,0.21
Norway,2014,7.44,11.06,0.94,72.68,0.96,0.16,0.40,0.83,0.19
Norway,2015,7.60,11.07,0.95,72.90,0.95,0.24,0.30,0.84,0.21
Norway,2016,7.60,11.07,0.96,73.00,0.95,0.11,0.41,0.85,0.21
Norway,2017,7.58,11.08,0.95,73.10,0.95,0.22,0.25,0.85,0.20
Norway,2018,7.44,11.09,0.97,73.20,0.96,0.08,0.27,0.83,0.21
Pakistan,2007,5.67,8.36,0.48,55.00,0.40,0.08,0.79,0.68,0.31
Pakistan,2008,4.41,8.36,0.37,55.40,0.34,0.09,0.85,0.66,0.32
Pakistan,2009,5.21,8.37,0.52,55.80,0.39,0.06,0.87,0.64,0.35
Pakistan,2010,5.79,8.36,0.57,56.20,0.36,0.29,0.85,0.65,0.37
Pakistan,2011,5.27,8.37,0.51,56.42,0.38,0.02,0.86,0.63,0.36
Pakistan,2012,5.13,8.38,0.54,56.64,0.37,0.15,0.84,0.66,0.33
Pakistan,2013,5.14,8.40,0.61,56.86,0.45,0.08,0.79,0.60,0.27
Pakistan,2014,5.44,8.43,0.55,57.08,0.54,0.13,0.68,0.58,0.30
Pakistan,2015,4.82,8.45,0.56,57.30,0.59,0.07,0.72,0.58,0.33
Pakistan,2016,5.55,8.49,0.63,57.70,0.63,0.08,0.79,0.65,0.33
Pakistan,2017,5.83,8.52,0.69,58.10,0.71,0.03,0.71,0.59,0.31
Pakistan,2018,5.47,8.56,0.69,58.50,0.77,0.05,0.80,0.57,0.38
Palestinian Territories,2007,4.15,8.30,0.71,61.90,0.37,-0.09,0.84,0.57,0.41
Palestinian Territories,2008,4.39,8.18,0.67,62.01,0.36,-0.07,0.75,0.57,0.40
Palestinian Territories,2009,4.47,8.34,0.74,62.13,0.47,-0.09,0.80,0.54,0.47
Palestinian Territories,2010,4.70,8.33,0.82,62.25,0.50,-0.12,0.75,0.63,0.38
Panama,2006,6.13,9.45,0.95,67.90,0.88,-0.04,0.91,0.85,0.23
Panama,2007,6.89,9.55,0.94,68.00,0.64,0.09,0.92,0.82,0.15
Panama,2008,6.93,9.62,0.92,68.10,0.71,0.07,0.88,0.82,0.15
Panama,2009,7.03,9.62,0.91,68.20,0.72,0.02,0.89,0.88,0.14
Panama,2010,7.32,9.66,0.93,68.30,0.75,0.00,0.88,0.89,0.15
Panama,2011,7.25,9.75,0.88,68.50,0.83,0.02,0.84,0.89,0.18
Panama,2012,6.86,9.82,0.90,68.70,0.78,0.01,0.80,0.87,0.21
Panama,2013,6.87,9.87,0.90,68.90,0.81,0.03,0.81,0.87,0.23
Panama,2014,6.63,9.90,0.87,69.10,0.89,0.01,0.85,0.81,0.25
Panama,2015,6.61,9.94,0.88,69.30,0.85,0.00,0.81,0.80,0.26
Panama,2016,6.12,9.97,0.88,69.40,0.88,-0.09,0.84,0.86,0.24
Panama,2017,6.57,10.01,0.91,69.50,0.90,-0.16,0.84,0.83,0.24
Panama,2018,6.28,10.05,0.90,69.60,0.86,-0.12,0.84,0.88,0.22
Paraguay,2006,4.73,8.75,0.90,63.62,0.69,0.08,0.84,0.82,0.30
Paraguay,2007,5.27,8.79,0.86,63.84,0.70,0.15,0.93,0.87,0.22
Paraguay,2008,5.57,8.84,0.89,64.06,0.65,0.07,0.89,0.85,0.26
Paraguay,2009,5.58,8.78,0.90,64.28,0.72,0.04,0.86,0.83,0.19
Paraguay,2010,5.84,8.89,0.89,64.50,0.73,0.09,0.78,0.86,0.18
Paraguay,2011,5.68,8.92,0.87,64.62,0.67,0.21,0.76,0.81,0.19
Paraguay,2012,5.82,8.90,0.93,64.74,0.75,0.22,0.77,0.84,0.21
Paraguay,2013,5.94,9.02,0.94,64.86,0.91,0.06,0.90,0.92,0.22
Paraguay,2014,5.12,9.05,0.96,64.98,0.76,0.01,0.76,0.94,0.22
Paraguay,2015,5.56,9.06,0.91,65.10,0.81,0.00,0.86,0.87,0.22
Paraguay,2016,5.80,9.09,0.94,65.30,0.85,-0.06,0.76,0.92,0.20
Paraguay,2017,5.71,9.09,0.90,65.50,0.89,0.02,0.81,0.90,0.23
Peru,2006,4.81,9.00,0.87,65.34,0.67,-0.08,0.90,0.70,0.42
Peru,2007,5.21,9.07,0.76,65.58,0.64,-0.09,0.93,0.76,0.36
Peru,2008,5.13,9.14,0.78,65.82,0.64,-0.08,0.90,0.76,0.35
Peru,2009,5.52,9.14,0.80,66.06,0.64,-0.09,0.88,0.81,0.32
Peru,2010,5.61,9.21,0.81,66.30,0.76,-0.07,0.88,0.80,0.33
Peru,2011,5.89,9.25,0.76,66.48,0.77,-0.13,0.82,0.78,0.33
Peru,2012,5.82,9.30,0.76,66.66,0.70,-0.09,0.87,0.76,0.40
Peru,2013,5.78,9.34,0.80,66.84,0.70,-0.08,0.87,0.78,0.39
Peru,2014,5.87,9.35,0.82,67.02,0.72,-0.15,0.88,0.76,0.32
Peru,2015,5.58,9.37,0.80,67.20,0.80,-0.10,0.88,0.75,0.38
Peru,2016,5.70,9.40,0.80,67.50,0.83,-0.14,0.87,0.82,0.34
Peru,2017,5.71,9.41,0.83,67.80,0.83,-0.16,0.90,0.79,0.39
Peru,2018,5.68,9.43,0.85,68.10,0.83,-0.19,0.91,0.81,0.38
Philippines,2007,5.07,8.55,0.80,60.00,0.85,-0.03,0.88,0.78,0.38
Philippines,2008,4.59,8.58,0.80,60.20,0.86,0.08,0.82,0.81,0.38
Philippines,2009,4.88,8.57,0.78,60.40,0.87,0.00,0.80,0.85,0.31
Philippines,2010,4.94,8.63,0.80,60.60,0.89,0.03,0.81,0.88,0.29
Philippines,2011,4.99,8.65,0.79,60.80,0.88,0.07,0.78,0.85,0.36
Philippines,2012,5.00,8.70,0.81,61.00,0.91,0.05,0.77,0.87,0.35
Philippines,2013,4.98,8.75,0.85,61.20,0.91,0.02,0.76,0.80,0.33
Philippines,2014,5.31,8.79,0.81,61.40,0.90,-0.02,0.79,0.81,0.33
Philippines,2015,5.55,8.84,0.85,61.60,0.91,-0.06,0.76,0.81,0.35
Philippines,2016,5.43,8.89,0.82,61.70,0.91,-0.08,0.79,0.82,0.29
Philippines,2017,5.59,8.94,0.85,61.80,0.93,-0.15,0.71,0.77,0.34
Philippines,2018,5.87,8.99,0.85,61.90,0.92,-0.11,0.73,0.77,0.39
Poland,2007,5.89,9.88,0.91,66.70,0.77,-0.05,0.93,0.76,0.24
Poland,2009,5.77,9.95,0.92,67.10,0.82,0.07,0.90,0.69,0.25
Poland,2010,5.89,9.99,0.96,67.30,0.79,0.00,0.90,0.74,0.23
Poland,2011,5.65,10.04,0.90,67.46,0.87,-0.07,0.91,0.73,0.22
Poland,2012,5.88,10.05,0.94,67.62,0.81,-0.03,0.89,0.79,0.27
Poland,2013,5.75,10.07,0.91,67.78,0.78,-0.14,0.92,0.78,0.24
Poland,2014,5.75,10.10,0.92,67.94,0.88,-0.07,0.90,0.78,0.22
Poland,2015,6.01,10.14,0.89,68.10,0.79,-0.10,0.81,0.73,0.24
Poland,2016,6.16,10.17,0.92,68.50,0.87,-0.10,0.85,0.78,0.22
Portugal,2006,5.41,10.20,0.91,69.84,0.88,-0.18,0.88,0.71,0.33
Portugal,2008,5.72,10.23,0.89,70.32,0.65,-0.22,0.93,0.70,0.31
Portugal,2010,5.09,10.21,0.86,70.80,0.72,-0.11,0.95,0.74,0.27
Portugal,2011,5.22,10.20,0.86,71.00,0.88,-0.18,0.96,0.73,0.28
Portugal,2012,4.99,10.16,0.87,71.20,0.77,-0.10,0.96,0.73,0.37
Portugal,2013,5.16,10.15,0.87,71.40,0.79,-0.12,0.95,0.70,0.35
Portugal,2014,5.13,10.17,0.86,71.60,0.85,-0.13,0.94,0.71,0.36
Portugal,2015,5.08,10.19,0.87,71.80,0.80,-0.17,0.94,0.66,0.37
Portugal,2016,5.45,10.21,0.90,72.00,0.84,-0.23,0.92,0.68,0.33
Portugal,2017,5.71,10.24,0.90,72.20,0.91,-0.18,0.88,0.65,0.29
Portugal,2018,5.92,10.26,0.89,72.40,0.88,-0.26,0.88,0.68,0.32
Qatar,2009,6.42,11.67,0.89,66.58,0.86,0.20,0.18,0.68,0.26
Romania,2007,5.39,9.75,0.74,64.48,0.69,-0.19,0.95,0.64,0.28
Romania,2009,5.37,9.80,0.81,64.96,0.61,-0.20,0.97,0.55,0.27
Romania,2010,4.91,9.77,0.69,65.20,0.57,-0.09,0.97,0.60,0.34
Romania,2011,5.02,9.80,0.75,65.42,0.65,-0.14,0.96,0.54,0.29
Romania,2012,5.17,9.81,0.74,65.64,0.64,-0.11,0.96,0.56,0.34
Romania,2013,5.08,9.85,0.78,65.86,0.65,-0.13,0.95,0.64,0.33
Romania,2014,5.73,9.89,0.75,66.08,0.75,-0.10,0.96,0.65,0.33
Romania,2015,5.78,9.93,0.79,66.30,0.80,-0.14,0.96,0.71,0.31
Romania,2016,5.97,9.98,0.81,66.60,0.82,-0.12,0.95,0.69,0.26
Romania,2017,6.09,10.06,0.81,66.90,0.84,-0.16,0.93,0.73,0.23
Romania,2018,6.15,10.11,0.82,67.20,0.85,-0.22,0.92,0.74,0.30
Russia,2006,4.96,9.95,0.89,58.68,0.64,-0.32,0.94,0.61,0.23
Russia,2007,5.22,10.03,0.88,59.26,0.59,-0.29,0.93,0.62,0.19
Russia,2008,5.62,10.09,0.88,59.84,0.64,-0.32,0.92,0.59,0.17
Russia,2009,5.16,10.00,0.91,60.42,0.62,-0.29,0.95,0.57,0.17
Russia,2010,5.38,10.05,0.91,61.00,0.61,-0.31,0.94,0.59,0.17
Russia,2011,5.39,10.10,0.88,61.42,0.63,-0.29,0.94,0.60,0.17
Russia,2012,5.62,10.13,0.90,61.84,0.61,-0.30,0.94,0.61,0.17
Russia,2013,5.54,10.15,0.88,62.26,0.66,-0.30,0.93,0.68,0.18
Russia,2014,6.04,10.14,0.93,62.68,0.74,-0.28,0.87,0.69,0.15
Russia,2015,6.00,10.11,0.92,63.10,0.69,-0.18,0.91,0.68,0.13
Russia,2016,5.85,10.10,0.91,63.50,0.71,-0.19,0.93,0.64,0.14
Russia,2017,5.58,10.12,0.90,63.90,0.73,-0.15,0.86,0.71,0.19
Russia,2018,5.51,10.13,0.91,64.30,0.73,-0.16,0.87,0.67,0.20
Rwanda,2008,4.36,7.14,0.49,53.04,0.75,0.02,0.29,0.64,0.22
Rwanda,2009,4.03,7.17,0.56,54.62,0.77,0.00,0.41,0.68,0.11
Rwanda,2011,4.10,7.27,0.57,56.82,0.83,-0.04,0.16,0.67,0.15
Rwanda,2012,3.33,7.33,0.64,57.44,0.84,-0.01,0.08,0.70,0.13
Rwanda,2013,3.47,7.35,0.75,58.06,0.90,-0.03,0.12,0.76,0.17
Rwanda,2014,3.60,7.40,0.75,58.68,0.89,-0.02,0.08,0.76,0.13
Rwanda,2015,3.48,7.46,0.68,59.30,0.91,0.03,0.09,0.72,0.21
Rwanda,2016,3.33,7.49,0.67,59.90,0.91,0.03,0.16,0.75,0.29
Rwanda,2017,3.11,7.53,0.52,60.50,0.91,0.05,0.21,0.76,0.36
Rwanda,2018,3.56,7.57,0.62,61.10,0.92,0.06,0.16,0.79,0.31
Saudi Arabia,2008,6.81,10.75,0.82,64.04,0.53,-0.04,0.51,0.71,0.20
Saudi Arabia,2009,6.15,10.70,0.92,64.22,0.64,-0.13,0.45,0.74,0.32
Senegal,2006,4.42,7.65,0.76,53.38,0.74,-0.04,0.81,0.74,0.22
Senegal,2007,4.68,7.67,0.72,54.06,0.70,0.01,0.83,0.71,0.20
Senegal,2008,4.68,7.68,0.76,54.74,0.61,-0.02,0.88,0.67,0.25
Senegal,2009,4.34,7.68,0.81,55.42,0.56,-0.03,0.92,0.76,0.23
Senegal,2010,4.37,7.69,0.76,56.10,0.78,-0.07,0.85,0.77,0.14
Senegal,2011,3.83,7.68,0.60,56.56,0.64,-0.15,0.87,0.75,0.18
Senegal,2012,3.67,7.69,0.71,57.02,0.67,-0.02,0.85,0.77,0.21
Senegal,2013,3.65,7.69,0.82,57.48,0.64,-0.04,0.84,0.68,0.17
Senegal,2014,4.39,7.70,0.86,57.94,0.69,-0.03,0.70,0.72,0.16
Senegal,2015,4.62,7.74,0.70,58.40,0.72,-0.10,0.77,0.71,0.21
Senegal,2016,4.59,7.77,0.84,58.80,0.74,-0.07,0.79,0.78,0.24
Senegal,2017,4.68,7.81,0.74,59.20,0.69,-0.03,0.83,0.75,0.29
Senegal,2018,4.77,7.85,0.74,59.60,0.63,-0.06,0.80,0.71,0.25
Serbia,2007,4.75,9.41,0.84,65.60,0.45,-0.17,0.90,0.58,0.33
Serbia,2009,4.38,9.44,0.77,66.00,0.37,-0.18,0.96,0.54,0.44
Serbia,2010,4.46,9.45,0.73,66.20,0.46,-0.17,0.97,0.53,0.42
Serbia,2011,4.82,9.47,0.77,66.36,0.44,-0.19,0.98,0.55,0.41
Serbia,2012,5.15,9.46,0.82,66.52,0.46,-0.13,0.95,0.51,0.37
Serbia,2013,5.10,9.50,0.83,66.68,0.53,-0.10,0.91,0.53,0.40
Serbia,2014,5.11,9.48,0.78,66.84,0.53,0.07,0.91,0.50,0.33
Serbia,2015,5.32,9.49,0.82,67.00,0.55,-0.06,0.86,0.50,0.30
Serbia,2016,5.75,9.53,0.89,67.40,0.61,-0.07,0.89,0.53,0.30
Serbia,2017,5.12,9.55,0.88,67.80,0.68,-0.08,0.85,0.51,0.33
Serbia,2018,5.94,9.58,0.85,68.20,0.74,-0.10,0.86,0.56,0.30
Sierra Leone,2006,3.63,6.98,0.56,40.30,0.68,0.11,0.84,0.51,0.38
Sierra Leone,2007,3.59,7.03,0.69,41.20,0.72,0.26,0.83,0.58,0.29
Sierra Leone,2008,3.00,7.05,0.59,42.10,0.72,0.16,0.92,0.53,0.37
Sierra Leone,2010,4.13,7.09,0.81,43.90,0.73,0.02,0.91,0.51,0.29
Sierra Leone,2011,4.50,7.13,0.78,44.32,0.77,0.01,0.85,0.45,0.30
Sierra Leone,2013,4.51,7.41,0.71,45.16,0.72,-0.06,0.86,0.52,0.42
Sierra Leone,2014,4.50,7.43,0.87,45.58,0.68,0.04,0.79,0.57,0.33
Sierra Leone,2015,4.91,7.18,0.61,46.00,0.62,0.06,0.82,0.63,0.41
Sierra Leone,2016,4.73,7.22,0.66,47.60,0.68,0.11,0.86,0.58,0.46
Sierra Leone,2017,4.09,7.24,0.65,49.20,0.71,0.09,0.85,0.60,0.50
Sierra Leone,2018,4.31,7.27,0.65,50.80,0.72,0.10,0.86,0.55,0.47
Singapore,2007,6.83,11.13,0.92,73.90,0.87,0.28,0.06,0.70,0.11
Singapore,2008,6.64,11.10,0.85,74.20,0.66,0.04,0.07,0.72,0.26
Singapore,2009,6.14,11.06,0.87,74.50,0.78,-0.08,0.04,0.50,0.21
Singapore,2010,6.53,11.19,0.86,74.80,0.85,-0.03,0.06,0.60,0.13
Singapore,2011,6.56,11.23,0.90,75.02,0.82,-0.16,0.10,0.48,0.14
Singapore,2013,6.53,11.28,0.81,75.46,0.83,0.10,0.24,0.77,0.15
Singapore,2014,7.06,11.30,0.82,75.68,0.83,0.14,0.13,0.84,0.18
Singapore,2015,6.62,11.31,0.87,75.90,0.89,0.14,0.10,0.80,0.14
Singapore,2016,6.03,11.32,0.93,76.20,0.90,0.13,0.05,0.82,0.11
Singapore,2017,6.38,11.36,0.90,76.50,0.93,0.13,0.16,0.80,0.18
Slovakia,2006,5.26,9.99,0.95,66.00,0.54,-0.06,0.95,0.68,0.31
Slovakia,2010,6.05,10.13,0.92,66.80,0.64,-0.11,0.91,0.67,0.28
Slovakia,2011,5.95,10.16,0.92,67.04,0.73,0.00,0.91,0.64,0.29
Slovakia,2012,5.91,10.17,0.93,67.28,0.62,-0.04,0.91,0.66,0.30
Slovakia,2013,5.94,10.19,0.91,67.52,0.60,-0.06,0.91,0.70,0.28
Slovakia,2014,6.14,10.21,0.92,67.76,0.63,-0.14,0.91,0.70,0.27
Slovakia,2015,6.16,10.25,0.94,68.00,0.59,-0.14,0.93,0.71,0.27
Slovakia,2016,5.99,10.28,0.95,68.30,0.70,-0.07,0.92,0.77,0.23
Slovakia,2017,6.37,10.31,0.91,68.60,0.71,-0.07,0.92,0.79,0.21
Slovakia,2018,6.24,10.35,0.92,68.90,0.76,-0.18,0.91,0.75,0.25
Slovenia,2006,5.81,10.25,0.94,68.00,0.94,0.04,0.71,0.65,0.31
Slovenia,2009,5.83,10.26,0.92,68.90,0.90,-0.02,0.80,0.64,0.30
Slovenia,2010,6.08,10.26,0.92,69.20,0.90,0.03,0.84,0.67,0.30
Slovenia,2011,6.04,10.27,0.93,69.40,0.91,-0.03,0.89,0.65,0.29
Slovenia,2012,6.06,10.24,0.92,69.60,0.90,-0.02,0.89,0.66,0.28
Slovenia,2013,5.97,10.23,0.93,69.80,0.89,0.03,0.92,0.64,0.27
Slovenia,2014,5.68,10.25,0.91,70.00,0.89,0.05,0.91,0.62,0.29
Slovenia,2015,5.74,10.28,0.90,70.20,0.90,0.01,0.89,0.66,0.26
Slovenia,2016,5.94,10.31,0.93,70.50,0.90,-0.06,0.84,0.63,0.27
Slovenia,2017,6.17,10.35,0.93,70.80,0.92,-0.03,0.83,0.62,0.29
Slovenia,2018,6.25,10.40,0.94,71.10,0.94,-0.12,0.84,0.64,0.28
South Africa,2007,5.20,9.37,0.79,48.64,0.69,-0.16,0.86,0.74,0.21
South Africa,2008,5.35,9.39,0.81,49.26,0.75,-0.10,0.87,0.77,0.21
South Africa,2009,5.22,9.37,0.88,49.88,0.74,-0.16,0.90,0.73,0.23
South Africa,2010,4.65,9.38,0.92,50.50,0.74,-0.21,0.79,0.79,0.12
South Africa,2011,4.93,9.40,0.86,51.46,0.84,-0.16,0.82,0.76,0.23
South Africa,2012,5.13,9.41,0.91,52.42,0.59,-0.17,0.84,0.76,0.18
South Africa,2013,3.66,9.42,0.84,53.38,0.71,-0.09,0.80,0.77,0.17
South Africa,2014,4.83,9.42,0.88,54.34,0.79,-0.13,0.82,0.80,0.24
South Africa,2015,4.89,9.42,0.90,55.30,0.86,-0.14,0.85,0.78,0.16
South Africa,2016,4.77,9.42,0.88,55.70,0.77,-0.08,0.81,0.79,0.30
South Africa,2017,4.51,9.42,0.87,56.10,0.79,-0.14,0.86,0.78,0.27
South Africa,2018,4.88,9.41,0.84,56.50,0.75,-0.06,0.84,0.81,0.28
South Korea,2006,5.33,10.19,0.78,70.20,0.72,-0.06,0.80,0.65,0.34
South Korea,2007,5.77,10.24,0.83,70.50,0.66,-0.06,0.80,0.69,0.23
South Korea,2008,5.39,10.26,0.75,70.80,0.52,-0.11,0.77,0.64,0.24
South Korea,2009,5.65,10.26,0.81,71.10,0.60,-0.10,0.79,0.70,0.21
South Korea,2010,6.12,10.32,0.82,71.40,0.68,-0.04,0.75,0.66,0.13
South Korea,2011,6.95,10.35,0.81,71.66,0.68,-0.05,0.83,0.66,0.17
South Korea,2013,5.96,10.39,0.80,72.18,0.64,-0.05,0.83,0.68,0.19
South Korea,2014,5.80,10.42,0.74,72.44,0.62,-0.05,0.83,0.65,0.28
South Korea,2015,5.78,10.44,0.77,72.70,0.62,-0.04,0.84,0.65,0.24
South Korea,2016,5.97,10.46,0.81,73.00,0.59,0.02,0.86,0.68,0.23
South Korea,2017,5.87,10.49,0.81,73.30,0.54,0.01,0.85,0.62,0.23
South Korea,2018,5.84,10.51,0.80,73.60,0.60,-0.09,0.80,0.66,0.22
South Sudan,2014,3.83,7.57,0.55,49.84,0.57,0.02,0.74,0.61,0.43
South Sudan,2015,4.07,7.54,0.58,50.20,0.51,0.11,0.71,0.59,0.45
South Sudan,2016,2.89,7.36,0.53,50.60,0.44,0.02,0.79,0.61,0.55
Spain,2007,6.99,10.44,0.96,72.06,0.78,-0.10,0.78,0.76,0.26
Spain,2008,7.29,10.44,0.95,72.34,0.83,-0.15,0.68,0.77,0.26
Spain,2009,6.20,10.39,0.93,72.62,0.75,-0.13,0.80,0.75,0.34
Spain,2010,6.19,10.39,0.95,72.90,0.80,-0.14,0.84,0.72,0.32
Spain,2011,6.52,10.38,0.94,73.02,0.82,-0.13,0.85,0.74,0.36
Spain,2012,6.29,10.35,0.94,73.14,0.75,-0.06,0.84,0.75,0.37
Spain,2013,6.15,10.33,0.93,73.26,0.76,-0.11,0.92,0.70,0.37
Spain,2014,6.46,10.35,0.95,73.38,0.74,-0.03,0.85,0.72,0.34
Spain,2015,6.38,10.38,0.96,73.50,0.73,-0.08,0.82,0.73,0.28
Spain,2016,6.32,10.41,0.94,73.80,0.77,-0.05,0.82,0.65,0.30
Spain,2017,6.23,10.44,0.90,74.10,0.76,-0.04,0.79,0.63,0.30
Spain,2018,6.51,10.47,0.91,74.40,0.72,-0.08,0.78,0.66,0.36
Sri Lanka,2006,4.34,8.84,0.86,65.78,0.72,0.06,0.84,0.76,0.22
Sri Lanka,2007,4.41,8.90,0.84,65.86,0.74,0.11,0.85,0.71,0.22
Sri Lanka,2008,4.43,8.95,0.82,65.94,0.83,0.16,0.86,0.79,0.15
Sri Lanka,2009,4.21,8.98,0.83,66.02,0.80,0.30,0.69,0.77,0.17
Sri Lanka,2010,3.98,9.05,0.81,66.10,0.74,0.25,0.77,0.82,0.16
Sri Lanka,2011,4.18,9.13,0.84,66.20,0.82,0.14,0.76,0.82,0.17
Sri Lanka,2012,4.22,9.21,0.82,66.30,0.80,0.16,0.82,0.86,0.20
Sri Lanka,2013,4.36,9.23,0.81,66.40,0.83,0.26,0.84,0.86,0.21
Sri Lanka,2014,4.27,9.27,0.80,66.50,0.87,0.29,0.79,0.84,0.19
Sri Lanka,2015,4.61,9.31,0.86,66.60,0.90,0.31,0.86,0.85,0.23
Sri Lanka,2017,4.33,9.36,0.82,67.00,0.83,0.09,0.84,0.79,0.27
Sri Lanka,2018,4.40,9.40,0.83,67.20,0.85,0.09,0.86,0.83,0.30
Sudan,2009,4.45,8.11,0.91,53.70,0.71,0.07,0.70,0.73,0.24
Sudan,2010,4.44,8.12,0.85,54.00,0.65,-0.05,0.74,0.67,0.22
Sudan,2011,4.31,8.20,0.82,54.28,0.58,-0.03,0.66,0.59,0.25
Sudan,2012,4.55,8.32,0.81,54.56,0.41,-0.06,0.73,0.58,0.24
Sudan,2014,4.14,8.34,0.81,55.12,0.39,-0.07,0.79,0.54,0.30
Suriname,2012,6.27,9.62,0.80,62.24,0.89,-0.08,0.75,0.76,0.25
Sweden,2007,7.24,10.69,0.92,71.48,0.91,0.14,0.29,0.80,0.18
Sweden,2008,7.52,10.68,0.92,71.62,0.91,0.12,0.31,0.80,0.13
Sweden,2009,7.27,10.62,0.90,71.76,0.86,0.21,0.29,0.82,0.15
Sweden,2010,7.50,10.67,0.97,71.90,0.90,0.14,0.25,0.83,0.20
Sweden,2011,7.38,10.69,0.92,71.98,0.94,0.16,0.27,0.81,0.18
Sweden,2012,7.56,10.68,0.93,72.06,0.94,0.13,0.25,0.86,0.17
Sweden,2013,7.43,10.68,0.92,72.14,0.94,0.15,0.32,0.83,0.18
Sweden,2014,7.24,10.70,0.93,72.22,0.95,0.20,0.25,0.84,0.21
Sweden,2015,7.29,10.73,0.93,72.30,0.94,0.20,0.23,0.82,0.19
Sweden,2016,7.37,10.75,0.91,72.40,0.92,0.14,0.25,0.82,0.20
Sweden,2017,7.29,10.76,0.91,72.50,0.93,0.16,0.24,0.81,0.18
Sweden,2018,7.37,10.77,0.93,72.60,0.94,0.07,0.26,0.82,0.16
Switzerland,2006,7.47,10.91,0.95,71.54,0.92,0.29,0.41,0.82,0.21
Switzerland,2009,7.52,10.91,0.94,72.26,0.89,0.12,0.34,0.81,0.20
Switzerland,2012,7.78,10.94,0.95,72.78,0.95,0.13,0.32,0.86,0.18
Switzerland,2014,7.49,10.95,0.96,73.06,0.95,0.05,0.28,0.82,0.19
Switzerland,2015,7.57,10.96,0.94,73.20,0.93,0.10,0.21,0.81,0.17
Switzerland,2016,7.46,10.96,0.93,73.50,0.93,0.08,0.30,0.78,0.21
Switzerland,2017,7.47,10.96,0.95,73.80,0.92,0.18,0.32,0.77,0.20
Switzerland,2018,7.51,10.98,0.93,74.10,0.93,0.10,0.30,0.79,0.19
Syria,2008,5.32,8.56,0.71,63.90,0.66,0.12,0.68,0.61,0.34
Syria,2009,4.98,8.56,0.84,64.00,0.75,0.08,0.69,0.57,0.29
Syria,2010,4.46,8.64,0.93,64.10,0.65,0.01,0.74,0.56,0.22
Syria,2011,4.04,8.64,0.58,62.32,0.53,0.13,0.74,0.60,0.50
Syria,2012,3.16,8.47,0.59,60.54,0.47,0.31,0.67,0.46,0.70
Syria,2013,2.69,8.31,0.59,58.76,0.45,0.22,0.66,0.39,0.62
Taiwan Province of China,2006,6.19,10.52,0.88,68.68,0.63,-0.04,0.85,0.81,0.09
Taiwan Province of China,2008,5.55,10.51,0.83,69.14,0.64,-0.02,0.78,0.79,0.17
Taiwan Province of China,2010,6.23,10.60,0.83,69.60,0.68,0.00,0.82,0.85,0.14
Tajikistan,2006,4.61,7.49,0.72,60.64,0.70,-0.09,0.77,0.57,0.19
Tajikistan,2007,4.43,7.54,0.73,61.08,0.82,0.00,0.66,0.69,0.13
Tajikistan,2008,5.06,7.60,0.70,61.52,0.82,0.02,0.72,0.61,0.16
Tajikistan,2009,4.58,7.61,0.68,61.96,0.74,0.00,0.79,0.61,0.20
Tajikistan,2010,4.38,7.65,0.76,62.40,0.78,0.06,0.68,0.64,0.19
Tajikistan,2011,4.26,7.70,0.75,62.56,0.78,-0.12,0.67,0.70,0.17
Tajikistan,2012,4.50,7.75,0.73,62.72,0.75,-0.07,0.72,0.71,0.20
Tajikistan,2013,4.97,7.80,0.70,62.88,0.69,0.06,0.76,0.68,0.17
Tajikistan,2014,4.90,7.84,0.81,63.04,0.85,0.00,0.70,0.66,0.20
Tajikistan,2015,5.12,7.88,0.84,63.20,0.85,0.02,0.74,0.69,0.20
Tajikistan,2016,5.10,7.92,0.86,63.50,0.70,0.01,0.63,0.64,0.22
Tajikistan,2017,5.83,7.97,0.66,63.80,0.83,0.12,0.72,0.60,0.28
Tanzania,2006,3.92,7.52,0.78,48.70,0.79,-0.04,0.65,0.75,0.21
Tanzania,2007,4.32,7.57,0.71,49.60,0.72,-0.02,0.71,0.76,0.22
Tanzania,2008,4.38,7.59,0.77,50.50,0.56,0.25,0.93,0.74,0.18
Tanzania,2009,3.41,7.62,0.84,51.40,0.61,0.30,0.90,0.78,0.16
Tanzania,2010,3.23,7.65,0.81,52.30,0.60,0.13,0.87,0.72,0.15
Tanzania,2011,4.07,7.69,0.88,53.04,0.74,-0.05,0.82,0.76,0.15
Tanzania,2012,4.01,7.71,0.83,53.78,0.58,0.20,0.89,0.68,0.20
Tanzania,2013,3.85,7.75,0.80,54.52,0.65,0.05,0.86,0.74,0.19
Tanzania,2014,3.48,7.78,0.79,55.26,0.65,0.10,0.88,0.73,0.24
Tanzania,2015,3.66,7.82,0.79,56.00,0.76,0.14,0.91,0.62,0.19
Tanzania,2016,2.90,7.86,0.64,56.50,0.78,0.17,0.74,0.69,0.25
Tanzania,2017,3.35,7.89,0.71,57.00,0.80,0.10,0.65,0.71,0.26
Tanzania,2018,3.45,7.93,0.68,57.50,0.81,0.14,0.61,0.76,0.22
Thailand,2006,5.89,9.39,0.89,64.14,0.86,0.33,0.93,0.81,0.16
Thailand,2007,5.78,9.44,0.89,64.48,0.87,0.38,0.90,0.83,0.18
Thailand,2008,5.64,9.45,0.83,64.82,0.87,0.42,0.93,0.82,0.15
Thailand,2009,5.48,9.44,0.89,65.16,0.87,0.52,0.90,0.90,0.17
Thailand,2010,6.22,9.51,0.90,65.50,0.86,0.53,0.92,0.90,0.18
Thailand,2011,6.66,9.51,0.88,65.72,0.93,0.39,0.92,0.93,0.12
Thailand,2012,6.30,9.58,0.91,65.94,0.85,0.37,0.91,0.85,0.14
Thailand,2013,6.23,9.60,0.93,66.16,0.78,0.45,0.93,0.85,0.14
Thailand,2014,6.99,9.61,0.93,66.38,0.90,0.55,0.92,0.81,0.17
Thailand,2015,6.20,9.63,0.87,66.60,0.88,0.31,0.91,0.91,0.17
Thailand,2016,6.07,9.66,0.91,66.80,0.92,0.35,0.88,0.83,0.22
Thailand,2017,5.94,9.70,0.88,67.00,0.92,0.21,0.88,0.82,0.23
Thailand,2018,6.01,9.73,0.87,67.20,0.90,0.25,0.91,0.84,0.20
Togo,2006,3.20,7.09,0.44,49.26,0.63,-0.01,0.85,0.61,0.35
Togo,2008,2.81,7.08,0.29,50.18,0.29,-0.06,0.93,0.36,0.38
Togo,2011,2.94,7.12,0.30,51.58,0.58,-0.07,0.83,0.48,0.40
Togo,2014,2.84,7.18,0.44,53.02,0.66,-0.08,0.80,0.58,0.44
Togo,2015,3.77,7.21,0.48,53.50,0.77,-0.07,0.73,0.60,0.42
Togo,2016,3.88,7.24,0.51,53.90,0.73,-0.01,0.82,0.60,0.48
Togo,2017,4.36,7.27,0.51,54.30,0.72,-0.04,0.73,0.61,0.43
Togo,2018,4.02,7.29,0.60,54.70,0.61,-0.01,0.81,0.61,0.45
Trinidad and Tobago,2006,5.83,10.30,0.89,61.76,0.84,0.12,0.92,0.80,0.23
Trinidad and Tobago,2008,6.70,10.37,0.86,62.08,0.84,0.07,0.96,0.82,0.18
Trinidad and Tobago,2011,6.52,10.34,0.86,62.54,0.78,0.06,0.90,0.91,0.13
Trinidad and Tobago,2013,6.17,10.35,0.88,62.82,0.85,0.11,0.95,0.83,0.29
Trinidad and Tobago,2017,6.19,10.27,0.92,63.50,0.86,0.00,0.91,0.85,0.25
Tunisia,2010,5.13,9.25,0.86,65.10,0.62,-0.15,0.73,0.72,0.25
Tunisia,2011,4.88,9.22,0.71,65.28,0.60,-0.21,0.91,0.59,0.25
Tunisia,2012,4.46,9.25,0.61,65.46,0.57,-0.19,0.90,0.52,0.33
Tunisia,2013,5.25,9.27,0.65,65.64,0.54,-0.22,0.89,0.52,0.24
Tunisia,2014,4.76,9.28,0.68,65.82,0.59,-0.24,0.78,0.50,0.32
Tunisia,2015,5.13,9.28,0.61,66.00,0.71,-0.24,0.81,0.57,0.32
Tunisia,2016,4.52,9.28,0.70,66.30,0.61,-0.18,0.81,0.61,0.38
Tunisia,2017,4.12,9.29,0.72,66.60,0.48,-0.23,0.87,0.42,0.38
Tunisia,2018,4.74,9.30,0.73,66.90,0.65,-0.20,0.84,0.59,0.37
Turkey,2007,5.62,9.79,0.79,63.32,0.46,-0.18,0.80,0.65,0.40
Turkey,2008,5.12,9.79,0.64,63.68,0.42,-0.19,0.79,0.61,0.35
Turkey,2009,5.21,9.73,0.75,64.04,0.46,-0.23,0.85,0.60,0.32
Turkey,2010,5.49,9.80,0.79,64.40,0.51,-0.19,0.81,0.65,0.33
Turkey,2011,5.27,9.89,0.69,64.64,0.45,-0.25,0.65,0.62,0.38
Turkey,2012,5.31,9.92,0.74,64.88,0.47,-0.22,0.70,0.64,0.33
Turkey,2013,4.89,9.98,0.80,65.12,0.54,-0.23,0.70,0.63,0.39
Turkey,2014,5.58,10.02,0.86,65.36,0.65,-0.03,0.76,0.48,0.38
Turkey,2015,5.51,10.06,0.85,65.60,0.65,-0.02,0.81,0.46,0.38
Turkey,2016,5.33,10.08,0.88,66.00,0.64,-0.07,0.76,0.47,0.39
Turkey,2017,5.61,10.13,0.88,66.40,0.64,-0.24,0.67,0.45,0.31
Turkey,2018,5.19,10.15,0.85,66.80,0.53,-0.18,0.80,0.43,0.35
Uganda,2006,3.73,7.18,0.76,46.48,0.75,-0.03,0.81,0.59,0.25
Uganda,2007,4.46,7.22,0.84,47.46,0.71,0.01,0.88,0.71,0.23
Uganda,2008,4.57,7.27,0.81,48.44,0.58,-0.05,0.85,0.64,0.24
Uganda,2009,4.61,7.30,0.85,49.42,0.76,-0.03,0.84,0.64,0.30
Uganda,2010,4.19,7.32,0.83,50.40,0.80,0.00,0.85,0.65,0.25
Uganda,2011,4.83,7.38,0.88,51.22,0.73,0.04,0.83,0.68,0.25
Uganda,2012,4.31,7.38,0.88,52.04,0.65,0.09,0.84,0.75,0.27
Uganda,2013,3.71,7.38,0.88,52.86,0.76,0.06,0.82,0.68,0.35
Uganda,2014,3.77,7.40,0.82,53.68,0.83,0.02,0.90,0.68,0.40
Uganda,2015,4.24,7.42,0.75,54.50,0.76,0.15,0.87,0.70,0.35
Uganda,2016,4.23,7.43,0.75,54.90,0.74,0.14,0.81,0.67,0.41
Uganda,2017,4.00,7.44,0.74,55.30,0.77,0.07,0.82,0.70,0.40
Uganda,2018,4.32,7.46,0.74,55.70,0.73,0.09,0.86,0.69,0.39
Ukraine,2006,4.80,8.97,0.85,60.12,0.62,-0.24,0.93,0.62,0.25
Ukraine,2007,5.25,9.05,0.82,60.64,0.49,-0.22,0.97,0.64,0.21
Ukraine,2008,5.17,9.08,0.86,61.16,0.49,-0.25,0.93,0.57,0.19
Ukraine,2009,5.17,8.92,0.85,61.68,0.46,-0.22,0.96,0.58,0.19
Ukraine,2010,5.06,8.97,0.88,62.20,0.48,-0.17,0.95,0.51,0.23
Ukraine,2011,5.08,9.02,0.86,62.50,0.58,-0.21,0.93,0.59,0.22
Ukraine,2012,5.03,9.03,0.90,62.80,0.56,-0.20,0.90,0.57,0.19
Ukraine,2013,4.71,9.03,0.90,63.10,0.57,-0.20,0.94,0.64,0.22
Ukraine,2014,4.30,9.02,0.88,63.40,0.53,0.10,0.93,0.59,0.25
Ukraine,2015,3.96,8.92,0.91,63.70,0.43,-0.01,0.95,0.57,0.24
Ukraine,2016,4.03,8.94,0.88,64.00,0.50,0.03,0.89,0.59,0.22
Ukraine,2017,4.31,8.97,0.86,64.30,0.60,0.02,0.94,0.60,0.23
Ukraine,2018,4.66,9.01,0.90,64.60,0.66,-0.06,0.94,0.61,0.22
United Arab Emirates,2006,6.73,11.39,0.90,65.92,0.90,-0.05,0.20,0.75,0.28
United Arab Emirates,2009,6.87,11.01,0.89,66.28,0.85,0.00,0.34,0.77,0.29
United Arab Emirates,2010,7.10,10.95,0.91,66.40,0.88,0.04,0.36,0.76,0.23
United Kingdom,2007,6.80,10.56,0.97,70.46,0.84,0.33,0.50,0.78,0.24
United Kingdom,2008,6.99,10.54,0.95,70.74,0.76,0.33,0.55,0.82,0.22
United Kingdom,2009,6.91,10.49,0.96,71.02,0.82,0.34,0.56,0.85,0.23
United Kingdom,2010,7.03,10.50,0.96,71.30,0.84,0.40,0.59,0.86,0.18
United Kingdom,2011,6.87,10.51,0.95,71.38,0.90,0.33,0.44,0.84,0.17
United Kingdom,2012,6.88,10.52,0.93,71.46,0.89,0.37,0.43,0.84,0.18
United Kingdom,2013,6.92,10.53,0.94,71.54,0.91,0.34,0.57,0.78,0.25
United Kingdom,2014,6.76,10.55,0.91,71.62,0.86,0.35,0.48,0.79,0.25
United Kingdom,2015,6.52,10.57,0.94,71.70,0.83,0.30,0.46,0.80,0.22
United Kingdom,2016,6.82,10.58,0.95,71.90,0.82,0.25,0.46,0.78,0.23
United Kingdom,2017,7.10,10.59,0.94,72.10,0.81,0.29,0.42,0.76,0.21
United Kingdom,2018,7.23,10.60,0.93,72.30,0.84,0.22,0.40,0.78,0.23
United States,2008,7.28,10.83,0.95,68.38,0.88,0.25,0.67,0.87,0.23
United States,2009,7.16,10.79,0.91,68.54,0.83,0.19,0.67,0.84,0.26
United States,2010,7.16,10.81,0.93,68.70,0.83,0.24,0.69,0.86,0.23
United States,2011,7.12,10.82,0.92,68.68,0.86,0.15,0.70,0.84,0.27
United States,2012,7.03,10.83,0.90,68.66,0.82,0.21,0.71,0.83,0.26
United States,2013,7.25,10.84,0.93,68.64,0.79,0.27,0.75,0.81,0.26
United States,2014,7.15,10.86,0.90,68.62,0.87,0.21,0.70,0.83,0.28
United States,2015,6.86,10.88,0.90,68.60,0.85,0.21,0.70,0.81,0.27
United States,2016,6.80,10.89,0.90,68.50,0.76,0.14,0.74,0.81,0.26
United States,2017,6.99,10.90,0.92,68.40,0.87,0.19,0.68,0.83,0.27
United States,2018,6.88,10.92,0.90,68.30,0.82,0.11,0.71,0.82,0.29
Uruguay,2006,5.79,9.51,0.91,67.44,0.81,-0.12,0.48,0.78,0.31
Uruguay,2007,5.69,9.57,0.87,67.58,0.79,-0.17,0.61,0.78,0.27
Uruguay,2008,5.66,9.64,0.88,67.72,0.81,-0.15,0.60,0.75,0.26
Uruguay,2009,6.30,9.67,0.92,67.86,0.83,-0.13,0.54,0.79,0.25
Uruguay,2010,6.06,9.75,0.89,68.00,0.83,-0.17,0.47,0.81,0.23
Uruguay,2011,6.55,9.79,0.89,68.14,0.85,-0.09,0.56,0.81,0.25
Uruguay,2012,6.45,9.82,0.86,68.28,0.87,0.06,0.62,0.79,0.21
Uruguay,2013,6.44,9.87,0.92,68.42,0.89,-0.05,0.59,0.83,0.25
Uruguay,2014,6.56,9.89,0.90,68.56,0.90,-0.08,0.53,0.87,0.25
Uruguay,2015,6.63,9.90,0.89,68.70,0.92,-0.04,0.67,0.89,0.30
Uruguay,2016,6.17,9.91,0.90,68.80,0.89,-0.08,0.68,0.84,0.28
Uruguay,2017,6.34,9.93,0.91,68.90,0.90,-0.10,0.63,0.84,0.28
Uruguay,2018,6.37,9.96,0.92,69.00,0.88,-0.11,0.68,0.88,0.27
Uzbekistan,2006,5.23,8.09,0.90,61.44,0.78,-0.11,0.61,0.73,0.20
Uzbekistan,2011,5.74,8.41,0.92,63.40,0.93,0.04,0.52,0.79,0.12
Uzbekistan,2012,6.02,8.47,0.93,63.60,0.91,-0.04,0.46,0.79,0.12
Uzbekistan,2013,5.94,8.53,0.96,63.80,0.95,-0.04,0.43,0.75,0.13
Uzbekistan,2014,6.05,8.59,0.95,64.00,0.95,0.06,0.54,0.80,0.11
Uzbekistan,2015,5.97,8.65,0.97,64.20,0.98,0.37,0.47,0.84,0.10
Uzbekistan,2017,6.42,8.74,0.94,64.80,0.99,0.12,0.46,0.84,0.20
Uzbekistan,2018,6.21,8.77,0.92,65.10,0.97,0.31,0.52,0.83,0.21
Venezuela,2006,6.53,9.69,0.95,65.46,0.80,-0.06,0.65,0.86,0.18
Venezuela,2008,6.26,9.79,0.92,65.58,0.68,-0.24,0.78,0.80,0.22
Venezuela,2009,7.19,9.74,0.94,65.64,0.68,-0.14,0.83,0.82,0.18
Venezuela,2010,7.48,9.71,0.93,65.70,0.77,-0.17,0.75,0.86,0.13
Venezuela,2011,6.58,9.74,0.93,65.74,0.77,-0.23,0.77,0.83,0.20
Venezuela,2012,7.07,9.78,0.93,65.78,0.80,-0.20,0.74,0.86,0.18
Venezuela,2013,6.55,9.78,0.90,65.82,0.64,-0.23,0.84,0.84,0.24
Venezuela,2014,6.14,9.73,0.90,65.86,0.57,-0.22,0.83,0.81,0.24
Venezuela,2015,5.57,9.66,0.91,65.90,0.51,-0.18,0.81,0.87,0.22
Venezuela,2016,4.04,9.53,0.90,66.10,0.46,-0.20,0.89,0.69,0.39
Venezuela,2017,5.07,9.44,0.90,66.30,0.64,-0.21,0.84,0.73,0.36
Venezuela,2018,5.01,9.27,0.89,66.50,0.61,-0.18,0.83,0.76,0.37
Vietnam,2007,5.42,8.25,0.86,66.02,0.92,0.09,0.75,0.59,0.21
Vietnam,2008,5.48,8.30,0.80,66.18,0.89,0.20,0.79,0.67,0.22
Vietnam,2009,5.30,8.34,0.82,66.34,0.83,-0.06,0.84,0.58,0.19
Vietnam,2010,5.30,8.39,0.79,66.50,0.83,0.00,0.74,0.69,0.22
Vietnam,2011,5.77,8.44,0.90,66.66,0.82,0.11,0.74,0.53,0.19
Vietnam,2012,5.53,8.48,0.78,66.82,0.86,-0.11,0.81,0.62,0.22
Vietnam,2013,5.02,8.52,0.76,66.98,0.92,-0.02,0.77,0.72,0.17
Vietnam,2016,5.06,8.67,0.88,67.50,0.89,-0.09,0.80,0.54,0.22
Vietnam,2018,5.30,8.78,0.83,67.90,0.91,-0.04,0.81,0.69,0.19
Yemen,2009,4.81,8.36,0.76,54.00,0.64,-0.07,0.83,0.58,0.37
Yemen,2010,4.35,8.41,0.73,54.30,0.66,-0.11,0.85,0.58,0.31
Yemen,2011,3.75,8.24,0.66,54.30,0.64,-0.17,0.75,0.50,0.28
Yemen,2012,4.06,8.24,0.68,54.30,0.71,-0.18,0.79,0.50,0.26
Yemen,2013,4.22,8.26,0.69,54.30,0.54,-0.19,0.89,0.56,0.27
Yemen,2014,3.97,8.23,0.64,54.30,0.66,-0.17,0.89,0.61,0.28
Yemen,2015,2.98,7.74,0.67,54.30,0.61,-0.14,0.83,0.51,0.32
Zambia,2006,4.82,7.87,0.80,44.26,0.72,-0.02,0.79,0.70,0.23
Zambia,2007,4.00,7.92,0.69,45.72,0.68,-0.08,0.95,0.69,0.25
Zambia,2008,4.73,7.97,0.62,47.18,0.72,0.05,0.89,0.74,0.21
Zambia,2009,5.26,8.03,0.78,48.64,0.70,-0.11,0.92,0.73,0.12
Zambia,2011,5.00,8.12,0.86,50.84,0.66,-0.01,0.88,0.83,0.20
Zambia,2012,5.01,8.16,0.78,51.58,0.79,0.00,0.81,0.73,0.25
Zambia,2013,5.24,8.18,0.76,52.32,0.77,-0.12,0.73,0.73,0.31
Zambia,2014,4.35,8.20,0.71,53.06,0.81,-0.02,0.81,0.69,0.33
Zambia,2015,4.84,8.20,0.69,53.80,0.76,-0.05,0.87,0.69,0.38
Zambia,2016,4.35,8.20,0.77,54.30,0.81,0.11,0.77,0.73,0.37
Zambia,2017,3.93,8.21,0.74,54.80,0.82,0.13,0.74,0.68,0.39
Zambia,2018,4.04,8.22,0.72,55.30,0.79,0.04,0.81,0.70,0.35
Zimbabwe,2006,3.83,7.37,0.82,41.58,0.43,-0.06,0.90,0.72,0.30
Zimbabwe,2007,3.28,7.31,0.83,42.86,0.46,-0.06,0.95,0.66,0.26
Zimbabwe,2008,3.17,7.10,0.84,44.14,0.34,-0.07,0.96,0.63,0.25
Zimbabwe,2009,4.06,7.20,0.81,45.42,0.41,-0.06,0.93,0.74,0.22
Zimbabwe,2010,4.68,7.30,0.86,46.70,0.66,-0.07,0.83,0.75,0.12
Zimbabwe,2011,4.85,7.42,0.86,48.12,0.63,-0.06,0.83,0.78,0.21
Zimbabwe,2012,4.96,7.53,0.90,49.54,0.47,-0.08,0.86,0.67,0.18
Zimbabwe,2013,4.69,7.57,0.80,50.96,0.58,-0.08,0.83,0.71,0.18
Zimbabwe,2014,4.18,7.56,0.77,52.38,0.64,-0.05,0.82,0.73,0.24
Zimbabwe,2015,3.70,7.56,0.74,53.80,0.67,-0.10,0.81,0.72,0.18
Zimbabwe,2016,3.74,7.54,0.77,54.40,0.73,-0.07,0.72,0.74,0.21
Zimbabwe,2017,3.64,7.55,0.75,55.00,0.75,-0.07,0.75,0.81,0.22
Zimbabwe,2018,3.62,7.55,0.78,55.60,0.76,-0.04,0.84,0.71,0.21